date,strategy_id,root,contract,quantity,settle,notional,margin,signal_date,forecast
2025-01-03,S09-IF-T,IF,IF2503,0,0.0,0.0,0.0,2025-01-02,
2025-01-03,S09-IF-T,T,T2503,0,0.0,0.0,0.0,2025-01-02,
2025-01-06,S09-IF-T,IF,IF2503,0,0.0,0.0,0.0,2025-01-03,
2025-01-06,S09-IF-T,T,T2503,0,0.0,0.0,0.0,2025-01-03,
2025-01-07,S09-IF-T,IF,IF2503,0,0.0,0.0,0.0,2025-01-06,
2025-01-07,S09-IF-T,T,T2503,0,0.0,0.0,0.0,2025-01-06,
2025-01-08,S09-IF-T,IF,IF2503,0,0.0,0.0,0.0,2025-01-07,
2025-01-08,S09-IF-T,T,T2503,0,0.0,0.0,0.0,2025-01-07,
2025-01-09,S09-IF-T,IF,IF2503,0,0.0,0.0,0.0,2025-01-08,
2025-01-09,S09-IF-T,T,T2503,0,0.0,0.0,0.0,2025-01-08,
2025-01-10,S09-IF-T,IF,IF2503,0,0.0,0.0,0.0,2025-01-09,
2025-01-10,S09-IF-T,T,T2503,0,0.0,0.0,0.0,2025-01-09,
2025-01-13,S09-IF-T,IF,IF2503,0,0.0,0.0,0.0,2025-01-10,
2025-01-13,S09-IF-T,T,T2503,0,0.0,0.0,0.0,2025-01-10,
2025-01-14,S09-IF-T,IF,IF2503,0,0.0,0.0,0.0,2025-01-13,
2025-01-14,S09-IF-T,T,T2503,0,0.0,0.0,0.0,2025-01-13,
2025-01-15,S09-IF-T,IF,IF2503,0,0.0,0.0,0.0,2025-01-14,
2025-01-15,S09-IF-T,T,T2503,0,0.0,0.0,0.0,2025-01-14,
2025-01-16,S09-IF-T,IF,IF2503,0,0.0,0.0,0.0,2025-01-15,
2025-01-16,S09-IF-T,T,T2503,0,0.0,0.0,0.0,2025-01-15,
2025-01-17,S09-IF-T,IF,IF2503,0,0.0,0.0,0.0,2025-01-16,
2025-01-17,S09-IF-T,T,T2503,0,0.0,0.0,0.0,2025-01-16,
2025-01-20,S09-IF-T,IF,IF2503,0,0.0,0.0,0.0,2025-01-17,
2025-01-20,S09-IF-T,T,T2503,0,0.0,0.0,0.0,2025-01-17,
2025-01-21,S09-IF-T,IF,IF2503,0,0.0,0.0,0.0,2025-01-20,
2025-01-21,S09-IF-T,T,T2503,0,0.0,0.0,0.0,2025-01-20,
2025-01-22,S09-IF-T,IF,IF2503,0,0.0,0.0,0.0,2025-01-21,
2025-01-22,S09-IF-T,T,T2503,0,0.0,0.0,0.0,2025-01-21,
2025-01-23,S09-IF-T,IF,IF2503,0,0.0,0.0,0.0,2025-01-22,
2025-01-23,S09-IF-T,T,T2503,0,0.0,0.0,0.0,2025-01-22,
2025-01-24,S09-IF-T,IF,IF2503,0,0.0,0.0,0.0,2025-01-23,
2025-01-24,S09-IF-T,T,T2503,0,0.0,0.0,0.0,2025-01-23,
2025-01-27,S09-IF-T,IF,IF2503,0,0.0,0.0,0.0,2025-01-24,
2025-01-27,S09-IF-T,T,T2503,0,0.0,0.0,0.0,2025-01-24,
2025-02-05,S09-IF-T,IF,IF2503,0,0.0,0.0,0.0,2025-01-27,
2025-02-05,S09-IF-T,T,T2503,0,0.0,0.0,0.0,2025-01-27,
2025-02-06,S09-IF-T,IF,IF2503,0,0.0,0.0,0.0,2025-02-05,
2025-02-06,S09-IF-T,T,T2503,0,0.0,0.0,0.0,2025-02-05,
2025-02-07,S09-IF-T,IF,IF2503,0,0.0,0.0,0.0,2025-02-06,
2025-02-07,S09-IF-T,T,T2503,0,0.0,0.0,0.0,2025-02-06,
2025-02-10,S09-IF-T,IF,IF2503,0,0.0,0.0,0.0,2025-02-07,
2025-02-10,S09-IF-T,T,T2503,0,0.0,0.0,0.0,2025-02-07,
2025-02-11,S09-IF-T,IF,IF2503,0,0.0,0.0,0.0,2025-02-10,
2025-02-11,S09-IF-T,T,T2503,0,0.0,0.0,0.0,2025-02-10,
2025-02-12,S09-IF-T,IF,IF2503,0,0.0,0.0,0.0,2025-02-11,
2025-02-12,S09-IF-T,T,T2503,0,0.0,0.0,0.0,2025-02-11,
2025-02-13,S09-IF-T,IF,IF2503,0,0.0,0.0,0.0,2025-02-12,
2025-02-13,S09-IF-T,T,T2503,0,0.0,0.0,0.0,2025-02-12,
2025-02-14,S09-IF-T,IF,IF2503,0,0.0,0.0,0.0,2025-02-13,
2025-02-14,S09-IF-T,T,T2503,0,0.0,0.0,0.0,2025-02-13,
2025-02-17,S09-IF-T,IF,IF2503,0,0.0,0.0,0.0,2025-02-14,
2025-02-17,S09-IF-T,T,T2503,0,0.0,0.0,0.0,2025-02-14,
2025-02-18,S09-IF-T,IF,IF2503,0,0.0,0.0,0.0,2025-02-17,
2025-02-18,S09-IF-T,T,T2503,0,0.0,0.0,0.0,2025-02-17,
2025-02-19,S09-IF-T,IF,IF2503,0,0.0,0.0,0.0,2025-02-18,
2025-02-19,S09-IF-T,T,T2503,0,0.0,0.0,0.0,2025-02-18,
2025-02-20,S09-IF-T,IF,IF2503,0,0.0,0.0,0.0,2025-02-19,
2025-02-20,S09-IF-T,T,T2506,0,0.0,0.0,0.0,2025-02-19,
2025-02-21,S09-IF-T,IF,IF2503,0,0.0,0.0,0.0,2025-02-20,
2025-02-21,S09-IF-T,T,T2506,0,0.0,0.0,0.0,2025-02-20,
2025-02-24,S09-IF-T,IF,IF2503,0,0.0,0.0,0.0,2025-02-21,
2025-02-24,S09-IF-T,T,T2506,0,0.0,0.0,0.0,2025-02-21,
2025-02-25,S09-IF-T,IF,IF2503,0,0.0,0.0,0.0,2025-02-24,
2025-02-25,S09-IF-T,T,T2506,0,0.0,0.0,0.0,2025-02-24,
2025-02-26,S09-IF-T,IF,IF2503,0,0.0,0.0,0.0,2025-02-25,
2025-02-26,S09-IF-T,T,T2506,0,0.0,0.0,0.0,2025-02-25,
2025-02-27,S09-IF-T,IF,IF2503,0,0.0,0.0,0.0,2025-02-26,
2025-02-27,S09-IF-T,T,T2506,0,0.0,0.0,0.0,2025-02-26,
2025-02-28,S09-IF-T,IF,IF2503,0,0.0,0.0,0.0,2025-02-27,
2025-02-28,S09-IF-T,T,T2506,0,0.0,0.0,0.0,2025-02-27,
2025-03-03,S09-IF-T,IF,IF2503,0,0.0,0.0,0.0,2025-02-28,
2025-03-03,S09-IF-T,T,T2506,0,0.0,0.0,0.0,2025-02-28,
2025-03-04,S09-IF-T,IF,IF2503,0,0.0,0.0,0.0,2025-03-03,
2025-03-04,S09-IF-T,T,T2506,0,0.0,0.0,0.0,2025-03-03,
2025-03-05,S09-IF-T,IF,IF2503,0,0.0,0.0,0.0,2025-03-04,
2025-03-05,S09-IF-T,T,T2506,0,0.0,0.0,0.0,2025-03-04,
2025-03-06,S09-IF-T,IF,IF2503,0,0.0,0.0,0.0,2025-03-05,
2025-03-06,S09-IF-T,T,T2506,0,0.0,0.0,0.0,2025-03-05,
2025-03-07,S09-IF-T,IF,IF2503,0,0.0,0.0,0.0,2025-03-06,
2025-03-07,S09-IF-T,T,T2506,0,0.0,0.0,0.0,2025-03-06,
2025-03-10,S09-IF-T,IF,IF2503,0,0.0,0.0,0.0,2025-03-07,
2025-03-10,S09-IF-T,T,T2506,0,0.0,0.0,0.0,2025-03-07,
2025-03-11,S09-IF-T,IF,IF2503,0,0.0,0.0,0.0,2025-03-10,
2025-03-11,S09-IF-T,T,T2506,0,0.0,0.0,0.0,2025-03-10,
2025-03-12,S09-IF-T,IF,IF2506,0,0.0,0.0,0.0,2025-03-11,
2025-03-12,S09-IF-T,T,T2506,0,0.0,0.0,0.0,2025-03-11,
2025-03-13,S09-IF-T,IF,IF2506,0,0.0,0.0,0.0,2025-03-12,
2025-03-13,S09-IF-T,T,T2506,0,0.0,0.0,0.0,2025-03-12,
2025-03-14,S09-IF-T,IF,IF2506,0,0.0,0.0,0.0,2025-03-13,
2025-03-14,S09-IF-T,T,T2506,0,0.0,0.0,0.0,2025-03-13,
2025-03-17,S09-IF-T,IF,IF2506,0,0.0,0.0,0.0,2025-03-14,
2025-03-17,S09-IF-T,T,T2506,0,0.0,0.0,0.0,2025-03-14,
2025-03-18,S09-IF-T,IF,IF2506,0,0.0,0.0,0.0,2025-03-17,
2025-03-18,S09-IF-T,T,T2506,0,0.0,0.0,0.0,2025-03-17,
2025-03-19,S09-IF-T,IF,IF2506,0,0.0,0.0,0.0,2025-03-18,
2025-03-19,S09-IF-T,T,T2506,0,0.0,0.0,0.0,2025-03-18,
2025-03-20,S09-IF-T,IF,IF2506,0,0.0,0.0,0.0,2025-03-19,
2025-03-20,S09-IF-T,T,T2506,0,0.0,0.0,0.0,2025-03-19,
2025-03-21,S09-IF-T,IF,IF2506,0,0.0,0.0,0.0,2025-03-20,
2025-03-21,S09-IF-T,T,T2506,0,0.0,0.0,0.0,2025-03-20,
2025-03-24,S09-IF-T,IF,IF2506,0,0.0,0.0,0.0,2025-03-21,
2025-03-24,S09-IF-T,T,T2506,0,0.0,0.0,0.0,2025-03-21,
2025-03-25,S09-IF-T,IF,IF2506,0,0.0,0.0,0.0,2025-03-24,
2025-03-25,S09-IF-T,T,T2506,0,0.0,0.0,0.0,2025-03-24,
2025-03-26,S09-IF-T,IF,IF2506,0,0.0,0.0,0.0,2025-03-25,
2025-03-26,S09-IF-T,T,T2506,0,0.0,0.0,0.0,2025-03-25,
2025-03-27,S09-IF-T,IF,IF2506,0,0.0,0.0,0.0,2025-03-26,
2025-03-27,S09-IF-T,T,T2506,0,0.0,0.0,0.0,2025-03-26,
2025-03-28,S09-IF-T,IF,IF2506,0,0.0,0.0,0.0,2025-03-27,
2025-03-28,S09-IF-T,T,T2506,0,0.0,0.0,0.0,2025-03-27,
2025-03-31,S09-IF-T,IF,IF2506,0,0.0,0.0,0.0,2025-03-28,
2025-03-31,S09-IF-T,T,T2506,0,0.0,0.0,0.0,2025-03-28,
2025-04-01,S09-IF-T,IF,IF2506,0,0.0,0.0,0.0,2025-03-31,
2025-04-01,S09-IF-T,T,T2506,0,0.0,0.0,0.0,2025-03-31,
2025-04-02,S09-IF-T,IF,IF2506,0,0.0,0.0,0.0,2025-04-01,
2025-04-02,S09-IF-T,T,T2506,0,0.0,0.0,0.0,2025-04-01,
2025-04-03,S09-IF-T,IF,IF2506,0,0.0,0.0,0.0,2025-04-02,
2025-04-03,S09-IF-T,T,T2506,0,0.0,0.0,0.0,2025-04-02,
2025-04-07,S09-IF-T,IF,IF2506,0,0.0,0.0,0.0,2025-04-03,
2025-04-07,S09-IF-T,T,T2506,0,0.0,0.0,0.0,2025-04-03,
2025-04-08,S09-IF-T,IF,IF2506,0,0.0,0.0,0.0,2025-04-07,
2025-04-08,S09-IF-T,T,T2506,0,0.0,0.0,0.0,2025-04-07,
2025-04-09,S09-IF-T,IF,IF2506,0,0.0,0.0,0.0,2025-04-08,
2025-04-09,S09-IF-T,T,T2506,0,0.0,0.0,0.0,2025-04-08,
2025-04-10,S09-IF-T,IF,IF2506,0,0.0,0.0,0.0,2025-04-09,
2025-04-10,S09-IF-T,T,T2506,0,0.0,0.0,0.0,2025-04-09,
2025-04-11,S09-IF-T,IF,IF2506,0,0.0,0.0,0.0,2025-04-10,
2025-04-11,S09-IF-T,T,T2506,0,0.0,0.0,0.0,2025-04-10,
2025-04-14,S09-IF-T,IF,IF2506,0,0.0,0.0,0.0,2025-04-11,
2025-04-14,S09-IF-T,T,T2506,0,0.0,0.0,0.0,2025-04-11,
2025-04-15,S09-IF-T,IF,IF2506,0,0.0,0.0,0.0,2025-04-14,
2025-04-15,S09-IF-T,T,T2506,0,0.0,0.0,0.0,2025-04-14,
2025-04-16,S09-IF-T,IF,IF2506,0,0.0,0.0,0.0,2025-04-15,
2025-04-16,S09-IF-T,T,T2506,0,0.0,0.0,0.0,2025-04-15,
2025-04-17,S09-IF-T,IF,IF2506,0,0.0,0.0,0.0,2025-04-16,
2025-04-17,S09-IF-T,T,T2506,0,0.0,0.0,0.0,2025-04-16,
2025-04-18,S09-IF-T,IF,IF2506,0,0.0,0.0,0.0,2025-04-17,
2025-04-18,S09-IF-T,T,T2506,0,0.0,0.0,0.0,2025-04-17,
2025-04-21,S09-IF-T,IF,IF2506,0,0.0,0.0,0.0,2025-04-18,
2025-04-21,S09-IF-T,T,T2506,0,0.0,0.0,0.0,2025-04-18,
2025-04-22,S09-IF-T,IF,IF2506,0,0.0,0.0,0.0,2025-04-21,
2025-04-22,S09-IF-T,T,T2506,0,0.0,0.0,0.0,2025-04-21,
2025-04-23,S09-IF-T,IF,IF2506,0,0.0,0.0,0.0,2025-04-22,
2025-04-23,S09-IF-T,T,T2506,0,0.0,0.0,0.0,2025-04-22,
2025-04-24,S09-IF-T,IF,IF2506,0,0.0,0.0,0.0,2025-04-23,
2025-04-24,S09-IF-T,T,T2506,0,0.0,0.0,0.0,2025-04-23,
2025-04-25,S09-IF-T,IF,IF2506,0,0.0,0.0,0.0,2025-04-24,
2025-04-25,S09-IF-T,T,T2506,0,0.0,0.0,0.0,2025-04-24,
2025-04-28,S09-IF-T,IF,IF2506,0,0.0,0.0,0.0,2025-04-25,
2025-04-28,S09-IF-T,T,T2506,0,0.0,0.0,0.0,2025-04-25,
2025-04-29,S09-IF-T,IF,IF2506,0,0.0,0.0,0.0,2025-04-28,
2025-04-29,S09-IF-T,T,T2506,0,0.0,0.0,0.0,2025-04-28,
2025-04-30,S09-IF-T,IF,IF2506,0,0.0,0.0,0.0,2025-04-29,
2025-04-30,S09-IF-T,T,T2506,0,0.0,0.0,0.0,2025-04-29,
2025-05-06,S09-IF-T,IF,IF2506,0,0.0,0.0,0.0,2025-04-30,
2025-05-06,S09-IF-T,T,T2506,0,0.0,0.0,0.0,2025-04-30,
2025-05-07,S09-IF-T,IF,IF2506,0,0.0,0.0,0.0,2025-05-06,
2025-05-07,S09-IF-T,T,T2506,0,0.0,0.0,0.0,2025-05-06,
2025-05-08,S09-IF-T,IF,IF2506,0,0.0,0.0,0.0,2025-05-07,
2025-05-08,S09-IF-T,T,T2506,0,0.0,0.0,0.0,2025-05-07,
2025-05-09,S09-IF-T,IF,IF2506,0,0.0,0.0,0.0,2025-05-08,
2025-05-09,S09-IF-T,T,T2506,0,0.0,0.0,0.0,2025-05-08,
2025-05-12,S09-IF-T,IF,IF2506,0,0.0,0.0,0.0,2025-05-09,
2025-05-12,S09-IF-T,T,T2506,0,0.0,0.0,0.0,2025-05-09,
2025-05-13,S09-IF-T,IF,IF2506,0,0.0,0.0,0.0,2025-05-12,
2025-05-13,S09-IF-T,T,T2506,0,0.0,0.0,0.0,2025-05-12,
2025-05-14,S09-IF-T,IF,IF2506,0,0.0,0.0,0.0,2025-05-13,
2025-05-14,S09-IF-T,T,T2506,0,0.0,0.0,0.0,2025-05-13,
2025-05-15,S09-IF-T,IF,IF2506,0,0.0,0.0,0.0,2025-05-14,
2025-05-15,S09-IF-T,T,T2506,0,0.0,0.0,0.0,2025-05-14,
2025-05-16,S09-IF-T,IF,IF2506,0,0.0,0.0,0.0,2025-05-15,
2025-05-16,S09-IF-T,T,T2506,0,0.0,0.0,0.0,2025-05-15,
2025-05-19,S09-IF-T,IF,IF2506,0,0.0,0.0,0.0,2025-05-16,
2025-05-19,S09-IF-T,T,T2509,0,0.0,0.0,0.0,2025-05-16,
2025-05-20,S09-IF-T,IF,IF2506,0,0.0,0.0,0.0,2025-05-19,
2025-05-20,S09-IF-T,T,T2509,0,0.0,0.0,0.0,2025-05-19,
2025-05-21,S09-IF-T,IF,IF2506,0,0.0,0.0,0.0,2025-05-20,
2025-05-21,S09-IF-T,T,T2509,0,0.0,0.0,0.0,2025-05-20,
2025-05-22,S09-IF-T,IF,IF2506,0,0.0,0.0,0.0,2025-05-21,
2025-05-22,S09-IF-T,T,T2509,0,0.0,0.0,0.0,2025-05-21,
2025-05-23,S09-IF-T,IF,IF2506,0,0.0,0.0,0.0,2025-05-22,
2025-05-23,S09-IF-T,T,T2509,0,0.0,0.0,0.0,2025-05-22,
2025-05-26,S09-IF-T,IF,IF2506,0,0.0,0.0,0.0,2025-05-23,
2025-05-26,S09-IF-T,T,T2509,0,0.0,0.0,0.0,2025-05-23,
2025-05-27,S09-IF-T,IF,IF2506,0,0.0,0.0,0.0,2025-05-26,
2025-05-27,S09-IF-T,T,T2509,0,0.0,0.0,0.0,2025-05-26,
2025-05-28,S09-IF-T,IF,IF2506,0,0.0,0.0,0.0,2025-05-27,
2025-05-28,S09-IF-T,T,T2509,0,0.0,0.0,0.0,2025-05-27,
2025-05-29,S09-IF-T,IF,IF2506,0,0.0,0.0,0.0,2025-05-28,
2025-05-29,S09-IF-T,T,T2509,0,0.0,0.0,0.0,2025-05-28,
2025-05-30,S09-IF-T,IF,IF2506,0,0.0,0.0,0.0,2025-05-29,
2025-05-30,S09-IF-T,T,T2509,0,0.0,0.0,0.0,2025-05-29,
2025-06-03,S09-IF-T,IF,IF2506,0,0.0,0.0,0.0,2025-05-30,
2025-06-03,S09-IF-T,T,T2509,0,0.0,0.0,0.0,2025-05-30,
2025-06-04,S09-IF-T,IF,IF2506,0,0.0,0.0,0.0,2025-06-03,
2025-06-04,S09-IF-T,T,T2509,0,0.0,0.0,0.0,2025-06-03,
2025-06-05,S09-IF-T,IF,IF2506,0,0.0,0.0,0.0,2025-06-04,
2025-06-05,S09-IF-T,T,T2509,0,0.0,0.0,0.0,2025-06-04,
2025-06-06,S09-IF-T,IF,IF2506,0,0.0,0.0,0.0,2025-06-05,
2025-06-06,S09-IF-T,T,T2509,0,0.0,0.0,0.0,2025-06-05,
2025-06-09,S09-IF-T,IF,IF2506,0,0.0,0.0,0.0,2025-06-06,
2025-06-09,S09-IF-T,T,T2509,0,0.0,0.0,0.0,2025-06-06,
2025-06-10,S09-IF-T,IF,IF2506,0,0.0,0.0,0.0,2025-06-09,
2025-06-10,S09-IF-T,T,T2509,0,0.0,0.0,0.0,2025-06-09,
2025-06-11,S09-IF-T,IF,IF2509,0,0.0,0.0,0.0,2025-06-10,
2025-06-11,S09-IF-T,T,T2509,0,0.0,0.0,0.0,2025-06-10,
2025-06-12,S09-IF-T,IF,IF2509,0,0.0,0.0,0.0,2025-06-11,
2025-06-12,S09-IF-T,T,T2509,0,0.0,0.0,0.0,2025-06-11,
2025-06-13,S09-IF-T,IF,IF2509,0,0.0,0.0,0.0,2025-06-12,
2025-06-13,S09-IF-T,T,T2509,0,0.0,0.0,0.0,2025-06-12,
2025-06-16,S09-IF-T,IF,IF2509,0,0.0,0.0,0.0,2025-06-13,
2025-06-16,S09-IF-T,T,T2509,0,0.0,0.0,0.0,2025-06-13,
2025-06-17,S09-IF-T,IF,IF2509,0,0.0,0.0,0.0,2025-06-16,
2025-06-17,S09-IF-T,T,T2509,0,0.0,0.0,0.0,2025-06-16,
2025-06-18,S09-IF-T,IF,IF2509,0,0.0,0.0,0.0,2025-06-17,
2025-06-18,S09-IF-T,T,T2509,0,0.0,0.0,0.0,2025-06-17,
2025-06-19,S09-IF-T,IF,IF2509,0,0.0,0.0,0.0,2025-06-18,
2025-06-19,S09-IF-T,T,T2509,0,0.0,0.0,0.0,2025-06-18,
2025-06-20,S09-IF-T,IF,IF2509,0,0.0,0.0,0.0,2025-06-19,
2025-06-20,S09-IF-T,T,T2509,0,0.0,0.0,0.0,2025-06-19,
2025-06-23,S09-IF-T,IF,IF2509,0,0.0,0.0,0.0,2025-06-20,
2025-06-23,S09-IF-T,T,T2509,0,0.0,0.0,0.0,2025-06-20,
2025-06-24,S09-IF-T,IF,IF2509,0,0.0,0.0,0.0,2025-06-23,
2025-06-24,S09-IF-T,T,T2509,0,0.0,0.0,0.0,2025-06-23,
2025-06-25,S09-IF-T,IF,IF2509,0,0.0,0.0,0.0,2025-06-24,
2025-06-25,S09-IF-T,T,T2509,0,0.0,0.0,0.0,2025-06-24,
2025-06-26,S09-IF-T,IF,IF2509,0,0.0,0.0,0.0,2025-06-25,
2025-06-26,S09-IF-T,T,T2509,0,0.0,0.0,0.0,2025-06-25,
2025-06-27,S09-IF-T,IF,IF2509,0,0.0,0.0,0.0,2025-06-26,
2025-06-27,S09-IF-T,T,T2509,0,0.0,0.0,0.0,2025-06-26,
2025-06-30,S09-IF-T,IF,IF2509,0,0.0,0.0,0.0,2025-06-27,
2025-06-30,S09-IF-T,T,T2509,0,0.0,0.0,0.0,2025-06-27,
2025-07-01,S09-IF-T,IF,IF2509,0,0.0,0.0,0.0,2025-06-30,
2025-07-01,S09-IF-T,T,T2509,0,0.0,0.0,0.0,2025-06-30,
2025-07-02,S09-IF-T,IF,IF2509,0,0.0,0.0,0.0,2025-07-01,
2025-07-02,S09-IF-T,T,T2509,0,0.0,0.0,0.0,2025-07-01,
2025-07-03,S09-IF-T,IF,IF2509,0,0.0,0.0,0.0,2025-07-02,
2025-07-03,S09-IF-T,T,T2509,0,0.0,0.0,0.0,2025-07-02,
2025-07-04,S09-IF-T,IF,IF2509,0,0.0,0.0,0.0,2025-07-03,
2025-07-04,S09-IF-T,T,T2509,0,0.0,0.0,0.0,2025-07-03,
2025-07-07,S09-IF-T,IF,IF2509,0,0.0,0.0,0.0,2025-07-04,
2025-07-07,S09-IF-T,T,T2509,0,0.0,0.0,0.0,2025-07-04,
2025-07-08,S09-IF-T,IF,IF2509,0,0.0,0.0,0.0,2025-07-07,
2025-07-08,S09-IF-T,T,T2509,0,0.0,0.0,0.0,2025-07-07,
2025-07-09,S09-IF-T,IF,IF2509,0,0.0,0.0,0.0,2025-07-08,
2025-07-09,S09-IF-T,T,T2509,0,0.0,0.0,0.0,2025-07-08,
2025-07-10,S09-IF-T,IF,IF2509,0,0.0,0.0,0.0,2025-07-09,
2025-07-10,S09-IF-T,T,T2509,0,0.0,0.0,0.0,2025-07-09,
2025-07-11,S09-IF-T,IF,IF2509,0,0.0,0.0,0.0,2025-07-10,
2025-07-11,S09-IF-T,T,T2509,0,0.0,0.0,0.0,2025-07-10,
2025-07-14,S09-IF-T,IF,IF2509,0,0.0,0.0,0.0,2025-07-11,
2025-07-14,S09-IF-T,T,T2509,0,0.0,0.0,0.0,2025-07-11,
2025-07-15,S09-IF-T,IF,IF2509,0,0.0,0.0,0.0,2025-07-14,
2025-07-15,S09-IF-T,T,T2509,0,0.0,0.0,0.0,2025-07-14,
2025-07-16,S09-IF-T,IF,IF2509,0,0.0,0.0,0.0,2025-07-15,
2025-07-16,S09-IF-T,T,T2509,0,0.0,0.0,0.0,2025-07-15,
2025-07-17,S09-IF-T,IF,IF2509,0,0.0,0.0,0.0,2025-07-16,
2025-07-17,S09-IF-T,T,T2509,0,0.0,0.0,0.0,2025-07-16,
2025-07-18,S09-IF-T,IF,IF2509,0,0.0,0.0,0.0,2025-07-17,
2025-07-18,S09-IF-T,T,T2509,0,0.0,0.0,0.0,2025-07-17,
2025-07-21,S09-IF-T,IF,IF2509,0,0.0,0.0,0.0,2025-07-18,
2025-07-21,S09-IF-T,T,T2509,0,0.0,0.0,0.0,2025-07-18,
2025-07-22,S09-IF-T,IF,IF2509,0,0.0,0.0,0.0,2025-07-21,
2025-07-22,S09-IF-T,T,T2509,0,0.0,0.0,0.0,2025-07-21,
2025-07-23,S09-IF-T,IF,IF2509,0,0.0,0.0,0.0,2025-07-22,
2025-07-23,S09-IF-T,T,T2509,0,0.0,0.0,0.0,2025-07-22,
2025-07-24,S09-IF-T,IF,IF2509,0,0.0,0.0,0.0,2025-07-23,
2025-07-24,S09-IF-T,T,T2509,0,0.0,0.0,0.0,2025-07-23,
2025-07-25,S09-IF-T,IF,IF2509,0,0.0,0.0,0.0,2025-07-24,
2025-07-25,S09-IF-T,T,T2509,0,0.0,0.0,0.0,2025-07-24,
2025-07-28,S09-IF-T,IF,IF2509,0,0.0,0.0,0.0,2025-07-25,
2025-07-28,S09-IF-T,T,T2509,0,0.0,0.0,0.0,2025-07-25,
2025-07-29,S09-IF-T,IF,IF2509,0,0.0,0.0,0.0,2025-07-28,
2025-07-29,S09-IF-T,T,T2509,0,0.0,0.0,0.0,2025-07-28,
2025-07-30,S09-IF-T,IF,IF2509,0,0.0,0.0,0.0,2025-07-29,
2025-07-30,S09-IF-T,T,T2509,0,0.0,0.0,0.0,2025-07-29,
2025-07-31,S09-IF-T,IF,IF2509,0,0.0,0.0,0.0,2025-07-30,
2025-07-31,S09-IF-T,T,T2509,0,0.0,0.0,0.0,2025-07-30,
2025-08-01,S09-IF-T,IF,IF2509,0,0.0,0.0,0.0,2025-07-31,
2025-08-01,S09-IF-T,T,T2509,0,0.0,0.0,0.0,2025-07-31,
2025-08-04,S09-IF-T,IF,IF2509,0,0.0,0.0,0.0,2025-08-01,
2025-08-04,S09-IF-T,T,T2509,0,0.0,0.0,0.0,2025-08-01,
2025-08-05,S09-IF-T,IF,IF2509,0,0.0,0.0,0.0,2025-08-04,
2025-08-05,S09-IF-T,T,T2509,0,0.0,0.0,0.0,2025-08-04,
2025-08-06,S09-IF-T,IF,IF2509,0,0.0,0.0,0.0,2025-08-05,
2025-08-06,S09-IF-T,T,T2509,0,0.0,0.0,0.0,2025-08-05,
2025-08-07,S09-IF-T,IF,IF2509,0,0.0,0.0,0.0,2025-08-06,
2025-08-07,S09-IF-T,T,T2509,0,0.0,0.0,0.0,2025-08-06,
2025-08-08,S09-IF-T,IF,IF2509,0,0.0,0.0,0.0,2025-08-07,
2025-08-08,S09-IF-T,T,T2509,0,0.0,0.0,0.0,2025-08-07,
2025-08-11,S09-IF-T,IF,IF2509,0,0.0,0.0,0.0,2025-08-08,
2025-08-11,S09-IF-T,T,T2509,0,0.0,0.0,0.0,2025-08-08,
2025-08-12,S09-IF-T,IF,IF2509,0,0.0,0.0,0.0,2025-08-11,
2025-08-12,S09-IF-T,T,T2509,0,0.0,0.0,0.0,2025-08-11,
2025-08-13,S09-IF-T,IF,IF2509,0,0.0,0.0,0.0,2025-08-12,
2025-08-13,S09-IF-T,T,T2509,0,0.0,0.0,0.0,2025-08-12,
2025-08-14,S09-IF-T,IF,IF2509,0,0.0,0.0,0.0,2025-08-13,
2025-08-14,S09-IF-T,T,T2509,0,0.0,0.0,0.0,2025-08-13,
2025-08-15,S09-IF-T,IF,IF2509,0,0.0,0.0,0.0,2025-08-14,
2025-08-15,S09-IF-T,T,T2509,0,0.0,0.0,0.0,2025-08-14,
2025-08-18,S09-IF-T,IF,IF2509,0,0.0,0.0,0.0,2025-08-15,
2025-08-18,S09-IF-T,T,T2509,0,0.0,0.0,0.0,2025-08-15,
2025-08-19,S09-IF-T,IF,IF2509,0,0.0,0.0,0.0,2025-08-18,
2025-08-19,S09-IF-T,T,T2512,0,0.0,0.0,0.0,2025-08-18,
2025-08-20,S09-IF-T,IF,IF2509,0,0.0,0.0,0.0,2025-08-19,
2025-08-20,S09-IF-T,T,T2512,0,0.0,0.0,0.0,2025-08-19,
2025-08-21,S09-IF-T,IF,IF2509,0,0.0,0.0,0.0,2025-08-20,
2025-08-21,S09-IF-T,T,T2512,0,0.0,0.0,0.0,2025-08-20,
2025-08-22,S09-IF-T,IF,IF2509,0,0.0,0.0,0.0,2025-08-21,
2025-08-22,S09-IF-T,T,T2512,0,0.0,0.0,0.0,2025-08-21,
2025-08-25,S09-IF-T,IF,IF2509,0,0.0,0.0,0.0,2025-08-22,
2025-08-25,S09-IF-T,T,T2512,0,0.0,0.0,0.0,2025-08-22,
2025-08-26,S09-IF-T,IF,IF2509,0,0.0,0.0,0.0,2025-08-25,
2025-08-26,S09-IF-T,T,T2512,0,0.0,0.0,0.0,2025-08-25,
2025-08-27,S09-IF-T,IF,IF2509,0,0.0,0.0,0.0,2025-08-26,
2025-08-27,S09-IF-T,T,T2512,0,0.0,0.0,0.0,2025-08-26,
2025-08-28,S09-IF-T,IF,IF2509,0,0.0,0.0,0.0,2025-08-27,
2025-08-28,S09-IF-T,T,T2512,0,0.0,0.0,0.0,2025-08-27,
2025-08-29,S09-IF-T,IF,IF2509,0,0.0,0.0,0.0,2025-08-28,
2025-08-29,S09-IF-T,T,T2512,0,0.0,0.0,0.0,2025-08-28,
2025-09-01,S09-IF-T,IF,IF2509,0,0.0,0.0,0.0,2025-08-29,
2025-09-01,S09-IF-T,T,T2512,0,0.0,0.0,0.0,2025-08-29,
2025-09-02,S09-IF-T,IF,IF2509,0,0.0,0.0,0.0,2025-09-01,
2025-09-02,S09-IF-T,T,T2512,0,0.0,0.0,0.0,2025-09-01,
2025-09-03,S09-IF-T,IF,IF2509,0,0.0,0.0,0.0,2025-09-02,
2025-09-03,S09-IF-T,T,T2512,0,0.0,0.0,0.0,2025-09-02,
2025-09-04,S09-IF-T,IF,IF2509,0,0.0,0.0,0.0,2025-09-03,
2025-09-04,S09-IF-T,T,T2512,0,0.0,0.0,0.0,2025-09-03,
2025-09-05,S09-IF-T,IF,IF2509,0,0.0,0.0,0.0,2025-09-04,
2025-09-05,S09-IF-T,T,T2512,0,0.0,0.0,0.0,2025-09-04,
2025-09-08,S09-IF-T,IF,IF2509,0,0.0,0.0,0.0,2025-09-05,
2025-09-08,S09-IF-T,T,T2512,0,0.0,0.0,0.0,2025-09-05,
2025-09-09,S09-IF-T,IF,IF2509,0,0.0,0.0,0.0,2025-09-08,
2025-09-09,S09-IF-T,T,T2512,0,0.0,0.0,0.0,2025-09-08,
2025-09-10,S09-IF-T,IF,IF2512,0,0.0,0.0,0.0,2025-09-09,
2025-09-10,S09-IF-T,T,T2512,0,0.0,0.0,0.0,2025-09-09,
2025-09-11,S09-IF-T,IF,IF2512,0,0.0,0.0,0.0,2025-09-10,
2025-09-11,S09-IF-T,T,T2512,0,0.0,0.0,0.0,2025-09-10,
2025-09-12,S09-IF-T,IF,IF2512,0,0.0,0.0,0.0,2025-09-11,
2025-09-12,S09-IF-T,T,T2512,0,0.0,0.0,0.0,2025-09-11,
2025-09-15,S09-IF-T,IF,IF2512,0,0.0,0.0,0.0,2025-09-12,
2025-09-15,S09-IF-T,T,T2512,0,0.0,0.0,0.0,2025-09-12,
2025-09-16,S09-IF-T,IF,IF2512,0,0.0,0.0,0.0,2025-09-15,
2025-09-16,S09-IF-T,T,T2512,0,0.0,0.0,0.0,2025-09-15,
2025-09-17,S09-IF-T,IF,IF2512,0,0.0,0.0,0.0,2025-09-16,
2025-09-17,S09-IF-T,T,T2512,0,0.0,0.0,0.0,2025-09-16,
2025-09-18,S09-IF-T,IF,IF2512,0,0.0,0.0,0.0,2025-09-17,
2025-09-18,S09-IF-T,T,T2512,0,0.0,0.0,0.0,2025-09-17,
2025-09-19,S09-IF-T,IF,IF2512,0,0.0,0.0,0.0,2025-09-18,
2025-09-19,S09-IF-T,T,T2512,0,0.0,0.0,0.0,2025-09-18,
2025-09-22,S09-IF-T,IF,IF2512,0,0.0,0.0,0.0,2025-09-19,
2025-09-22,S09-IF-T,T,T2512,0,0.0,0.0,0.0,2025-09-19,
2025-09-23,S09-IF-T,IF,IF2512,0,0.0,0.0,0.0,2025-09-22,
2025-09-23,S09-IF-T,T,T2512,0,0.0,0.0,0.0,2025-09-22,
2025-09-24,S09-IF-T,IF,IF2512,0,0.0,0.0,0.0,2025-09-23,
2025-09-24,S09-IF-T,T,T2512,0,0.0,0.0,0.0,2025-09-23,
2025-09-25,S09-IF-T,IF,IF2512,0,0.0,0.0,0.0,2025-09-24,
2025-09-25,S09-IF-T,T,T2512,0,0.0,0.0,0.0,2025-09-24,
2025-09-26,S09-IF-T,IF,IF2512,0,0.0,0.0,0.0,2025-09-25,
2025-09-26,S09-IF-T,T,T2512,0,0.0,0.0,0.0,2025-09-25,
2025-09-29,S09-IF-T,IF,IF2512,0,0.0,0.0,0.0,2025-09-26,
2025-09-29,S09-IF-T,T,T2512,0,0.0,0.0,0.0,2025-09-26,
2025-09-30,S09-IF-T,IF,IF2512,0,0.0,0.0,0.0,2025-09-29,
2025-09-30,S09-IF-T,T,T2512,0,0.0,0.0,0.0,2025-09-29,
2025-10-09,S09-IF-T,IF,IF2512,0,0.0,0.0,0.0,2025-09-30,
2025-10-09,S09-IF-T,T,T2512,0,0.0,0.0,0.0,2025-09-30,
2025-10-10,S09-IF-T,IF,IF2512,0,0.0,0.0,0.0,2025-10-09,
2025-10-10,S09-IF-T,T,T2512,0,0.0,0.0,0.0,2025-10-09,
2025-10-13,S09-IF-T,IF,IF2512,0,0.0,0.0,0.0,2025-10-10,
2025-10-13,S09-IF-T,T,T2512,0,0.0,0.0,0.0,2025-10-10,
2025-10-14,S09-IF-T,IF,IF2512,0,0.0,0.0,0.0,2025-10-13,
2025-10-14,S09-IF-T,T,T2512,0,0.0,0.0,0.0,2025-10-13,
2025-10-15,S09-IF-T,IF,IF2512,0,0.0,0.0,0.0,2025-10-14,
2025-10-15,S09-IF-T,T,T2512,0,0.0,0.0,0.0,2025-10-14,
2025-10-16,S09-IF-T,IF,IF2512,0,0.0,0.0,0.0,2025-10-15,
2025-10-16,S09-IF-T,T,T2512,0,0.0,0.0,0.0,2025-10-15,
2025-10-17,S09-IF-T,IF,IF2512,0,0.0,0.0,0.0,2025-10-16,
2025-10-17,S09-IF-T,T,T2512,0,0.0,0.0,0.0,2025-10-16,
2025-10-20,S09-IF-T,IF,IF2512,0,0.0,0.0,0.0,2025-10-17,
2025-10-20,S09-IF-T,T,T2512,0,0.0,0.0,0.0,2025-10-17,
2025-10-21,S09-IF-T,IF,IF2512,0,0.0,0.0,0.0,2025-10-20,
2025-10-21,S09-IF-T,T,T2512,0,0.0,0.0,0.0,2025-10-20,
2025-10-22,S09-IF-T,IF,IF2512,0,0.0,0.0,0.0,2025-10-21,
2025-10-22,S09-IF-T,T,T2512,0,0.0,0.0,0.0,2025-10-21,
2025-10-23,S09-IF-T,IF,IF2512,0,0.0,0.0,0.0,2025-10-22,
2025-10-23,S09-IF-T,T,T2512,0,0.0,0.0,0.0,2025-10-22,
2025-10-24,S09-IF-T,IF,IF2512,0,0.0,0.0,0.0,2025-10-23,
2025-10-24,S09-IF-T,T,T2512,0,0.0,0.0,0.0,2025-10-23,
2025-10-27,S09-IF-T,IF,IF2512,0,0.0,0.0,0.0,2025-10-24,
2025-10-27,S09-IF-T,T,T2512,0,0.0,0.0,0.0,2025-10-24,
2025-10-28,S09-IF-T,IF,IF2512,0,0.0,0.0,0.0,2025-10-27,
2025-10-28,S09-IF-T,T,T2512,0,0.0,0.0,0.0,2025-10-27,
2025-10-29,S09-IF-T,IF,IF2512,0,0.0,0.0,0.0,2025-10-28,
2025-10-29,S09-IF-T,T,T2512,0,0.0,0.0,0.0,2025-10-28,
2025-10-30,S09-IF-T,IF,IF2512,0,0.0,0.0,0.0,2025-10-29,
2025-10-30,S09-IF-T,T,T2512,0,0.0,0.0,0.0,2025-10-29,
2025-10-31,S09-IF-T,IF,IF2512,0,0.0,0.0,0.0,2025-10-30,
2025-10-31,S09-IF-T,T,T2512,0,0.0,0.0,0.0,2025-10-30,
2025-11-03,S09-IF-T,IF,IF2512,0,0.0,0.0,0.0,2025-10-31,
2025-11-03,S09-IF-T,T,T2512,0,0.0,0.0,0.0,2025-10-31,
2025-11-04,S09-IF-T,IF,IF2512,0,0.0,0.0,0.0,2025-11-03,
2025-11-04,S09-IF-T,T,T2512,0,0.0,0.0,0.0,2025-11-03,
2025-11-05,S09-IF-T,IF,IF2512,0,0.0,0.0,0.0,2025-11-04,
2025-11-05,S09-IF-T,T,T2512,0,0.0,0.0,0.0,2025-11-04,
2025-11-06,S09-IF-T,IF,IF2512,0,0.0,0.0,0.0,2025-11-05,
2025-11-06,S09-IF-T,T,T2512,0,0.0,0.0,0.0,2025-11-05,
2025-11-07,S09-IF-T,IF,IF2512,0,0.0,0.0,0.0,2025-11-06,
2025-11-07,S09-IF-T,T,T2512,0,0.0,0.0,0.0,2025-11-06,
2025-11-10,S09-IF-T,IF,IF2512,0,0.0,0.0,0.0,2025-11-07,
2025-11-10,S09-IF-T,T,T2512,0,0.0,0.0,0.0,2025-11-07,
2025-11-11,S09-IF-T,IF,IF2512,0,0.0,0.0,0.0,2025-11-10,
2025-11-11,S09-IF-T,T,T2512,0,0.0,0.0,0.0,2025-11-10,
2025-11-12,S09-IF-T,IF,IF2512,0,0.0,0.0,0.0,2025-11-11,
2025-11-12,S09-IF-T,T,T2512,0,0.0,0.0,0.0,2025-11-11,
2025-11-13,S09-IF-T,IF,IF2512,0,0.0,0.0,0.0,2025-11-12,
2025-11-13,S09-IF-T,T,T2512,0,0.0,0.0,0.0,2025-11-12,
2025-11-14,S09-IF-T,IF,IF2512,0,0.0,0.0,0.0,2025-11-13,
2025-11-14,S09-IF-T,T,T2512,0,0.0,0.0,0.0,2025-11-13,
2025-11-17,S09-IF-T,IF,IF2512,0,0.0,0.0,0.0,2025-11-14,
2025-11-17,S09-IF-T,T,T2512,0,0.0,0.0,0.0,2025-11-14,
2025-11-18,S09-IF-T,IF,IF2512,0,0.0,0.0,0.0,2025-11-17,
2025-11-18,S09-IF-T,T,T2512,0,0.0,0.0,0.0,2025-11-17,
2025-11-19,S09-IF-T,IF,IF2512,0,0.0,0.0,0.0,2025-11-18,
2025-11-19,S09-IF-T,T,T2512,0,0.0,0.0,0.0,2025-11-18,
2025-11-20,S09-IF-T,IF,IF2512,0,0.0,0.0,0.0,2025-11-19,
2025-11-20,S09-IF-T,T,T2512,0,0.0,0.0,0.0,2025-11-19,
2025-11-21,S09-IF-T,IF,IF2512,0,0.0,0.0,0.0,2025-11-20,
2025-11-21,S09-IF-T,T,T2603,0,0.0,0.0,0.0,2025-11-20,
2025-11-24,S09-IF-T,IF,IF2512,0,0.0,0.0,0.0,2025-11-21,
2025-11-24,S09-IF-T,T,T2603,0,0.0,0.0,0.0,2025-11-21,
2025-11-25,S09-IF-T,IF,IF2512,0,0.0,0.0,0.0,2025-11-24,
2025-11-25,S09-IF-T,T,T2603,0,0.0,0.0,0.0,2025-11-24,
2025-11-26,S09-IF-T,IF,IF2512,0,0.0,0.0,0.0,2025-11-25,
2025-11-26,S09-IF-T,T,T2603,0,0.0,0.0,0.0,2025-11-25,
2025-11-27,S09-IF-T,IF,IF2512,0,0.0,0.0,0.0,2025-11-26,
2025-11-27,S09-IF-T,T,T2603,0,0.0,0.0,0.0,2025-11-26,
2025-11-28,S09-IF-T,IF,IF2512,0,0.0,0.0,0.0,2025-11-27,
2025-11-28,S09-IF-T,T,T2603,0,0.0,0.0,0.0,2025-11-27,
2025-12-01,S09-IF-T,IF,IF2512,0,0.0,0.0,0.0,2025-11-28,
2025-12-01,S09-IF-T,T,T2603,0,0.0,0.0,0.0,2025-11-28,
2025-12-02,S09-IF-T,IF,IF2512,0,0.0,0.0,0.0,2025-12-01,
2025-12-02,S09-IF-T,T,T2603,0,0.0,0.0,0.0,2025-12-01,
2025-12-03,S09-IF-T,IF,IF2512,0,0.0,0.0,0.0,2025-12-02,
2025-12-03,S09-IF-T,T,T2603,0,0.0,0.0,0.0,2025-12-02,
2025-12-04,S09-IF-T,IF,IF2512,0,0.0,0.0,0.0,2025-12-03,
2025-12-04,S09-IF-T,T,T2603,0,0.0,0.0,0.0,2025-12-03,
2025-12-05,S09-IF-T,IF,IF2512,0,0.0,0.0,0.0,2025-12-04,
2025-12-05,S09-IF-T,T,T2603,0,0.0,0.0,0.0,2025-12-04,
2025-12-08,S09-IF-T,IF,IF2512,0,0.0,0.0,0.0,2025-12-05,
2025-12-08,S09-IF-T,T,T2603,0,0.0,0.0,0.0,2025-12-05,
2025-12-09,S09-IF-T,IF,IF2512,0,0.0,0.0,0.0,2025-12-08,
2025-12-09,S09-IF-T,T,T2603,0,0.0,0.0,0.0,2025-12-08,
2025-12-10,S09-IF-T,IF,IF2603,0,0.0,0.0,0.0,2025-12-09,
2025-12-10,S09-IF-T,T,T2603,0,0.0,0.0,0.0,2025-12-09,
2025-12-11,S09-IF-T,IF,IF2603,0,0.0,0.0,0.0,2025-12-10,
2025-12-11,S09-IF-T,T,T2603,0,0.0,0.0,0.0,2025-12-10,
2025-12-12,S09-IF-T,IF,IF2603,0,0.0,0.0,0.0,2025-12-11,
2025-12-12,S09-IF-T,T,T2603,0,0.0,0.0,0.0,2025-12-11,
2025-12-15,S09-IF-T,IF,IF2603,0,0.0,0.0,0.0,2025-12-12,
2025-12-15,S09-IF-T,T,T2603,0,0.0,0.0,0.0,2025-12-12,
2025-12-16,S09-IF-T,IF,IF2603,0,0.0,0.0,0.0,2025-12-15,
2025-12-16,S09-IF-T,T,T2603,0,0.0,0.0,0.0,2025-12-15,
2025-12-17,S09-IF-T,IF,IF2603,0,0.0,0.0,0.0,2025-12-16,
2025-12-17,S09-IF-T,T,T2603,0,0.0,0.0,0.0,2025-12-16,
2025-12-18,S09-IF-T,IF,IF2603,0,0.0,0.0,0.0,2025-12-17,
2025-12-18,S09-IF-T,T,T2603,0,0.0,0.0,0.0,2025-12-17,
2025-12-19,S09-IF-T,IF,IF2603,0,0.0,0.0,0.0,2025-12-18,
2025-12-19,S09-IF-T,T,T2603,0,0.0,0.0,0.0,2025-12-18,
2025-12-22,S09-IF-T,IF,IF2603,0,0.0,0.0,0.0,2025-12-19,
2025-12-22,S09-IF-T,T,T2603,0,0.0,0.0,0.0,2025-12-19,
2025-12-23,S09-IF-T,IF,IF2603,0,0.0,0.0,0.0,2025-12-22,
2025-12-23,S09-IF-T,T,T2603,0,0.0,0.0,0.0,2025-12-22,
2025-12-24,S09-IF-T,IF,IF2603,0,0.0,0.0,0.0,2025-12-23,
2025-12-24,S09-IF-T,T,T2603,0,0.0,0.0,0.0,2025-12-23,
2025-12-25,S09-IF-T,IF,IF2603,0,0.0,0.0,0.0,2025-12-24,
2025-12-25,S09-IF-T,T,T2603,0,0.0,0.0,0.0,2025-12-24,
2025-12-26,S09-IF-T,IF,IF2603,0,0.0,0.0,0.0,2025-12-25,
2025-12-26,S09-IF-T,T,T2603,0,0.0,0.0,0.0,2025-12-25,
2025-12-29,S09-IF-T,IF,IF2603,0,0.0,0.0,0.0,2025-12-26,
2025-12-29,S09-IF-T,T,T2603,0,0.0,0.0,0.0,2025-12-26,
2025-12-30,S09-IF-T,IF,IF2603,0,0.0,0.0,0.0,2025-12-29,
2025-12-30,S09-IF-T,T,T2603,0,0.0,0.0,0.0,2025-12-29,
2025-12-31,S09-IF-T,IF,IF2603,0,0.0,0.0,0.0,2025-12-30,
2025-12-31,S09-IF-T,T,T2603,0,0.0,0.0,0.0,2025-12-30,
2026-01-05,S09-IF-T,IF,IF2603,0,0.0,0.0,0.0,2025-12-31,
2026-01-05,S09-IF-T,T,T2603,0,0.0,0.0,0.0,2025-12-31,
2026-01-06,S09-IF-T,IF,IF2603,0,0.0,0.0,0.0,2026-01-05,
2026-01-06,S09-IF-T,T,T2603,0,0.0,0.0,0.0,2026-01-05,
2026-01-07,S09-IF-T,IF,IF2603,0,0.0,0.0,0.0,2026-01-06,
2026-01-07,S09-IF-T,T,T2603,0,0.0,0.0,0.0,2026-01-06,
2026-01-08,S09-IF-T,IF,IF2603,0,0.0,0.0,0.0,2026-01-07,
2026-01-08,S09-IF-T,T,T2603,0,0.0,0.0,0.0,2026-01-07,
2026-01-09,S09-IF-T,IF,IF2603,0,0.0,0.0,0.0,2026-01-08,
2026-01-09,S09-IF-T,T,T2603,0,0.0,0.0,0.0,2026-01-08,
2026-01-12,S09-IF-T,IF,IF2603,0,0.0,0.0,0.0,2026-01-09,
2026-01-12,S09-IF-T,T,T2603,0,0.0,0.0,0.0,2026-01-09,
2026-01-13,S09-IF-T,IF,IF2603,0,0.0,0.0,0.0,2026-01-12,
2026-01-13,S09-IF-T,T,T2603,0,0.0,0.0,0.0,2026-01-12,
2026-01-14,S09-IF-T,IF,IF2603,0,0.0,0.0,0.0,2026-01-13,
2026-01-14,S09-IF-T,T,T2603,0,0.0,0.0,0.0,2026-01-13,
2026-01-15,S09-IF-T,IF,IF2603,0,0.0,0.0,0.0,2026-01-14,
2026-01-15,S09-IF-T,T,T2603,0,0.0,0.0,0.0,2026-01-14,
2026-01-16,S09-IF-T,IF,IF2603,0,0.0,0.0,0.0,2026-01-15,
2026-01-16,S09-IF-T,T,T2603,0,0.0,0.0,0.0,2026-01-15,
2026-01-19,S09-IF-T,IF,IF2603,0,0.0,0.0,0.0,2026-01-16,
2026-01-19,S09-IF-T,T,T2603,0,0.0,0.0,0.0,2026-01-16,
2026-01-20,S09-IF-T,IF,IF2603,0,0.0,0.0,0.0,2026-01-19,
2026-01-20,S09-IF-T,T,T2603,0,0.0,0.0,0.0,2026-01-19,
2026-01-21,S09-IF-T,IF,IF2603,0,0.0,0.0,0.0,2026-01-20,
2026-01-21,S09-IF-T,T,T2603,0,0.0,0.0,0.0,2026-01-20,
2026-01-22,S09-IF-T,IF,IF2603,8,4716.4,11319360.0,1697904.0,2026-01-21,13.995921090279404
2026-01-22,S09-IF-T,T,T2603,24,108.16,25958400.0,1297920.0,2026-01-21,4.43240506269693
2026-01-23,S09-IF-T,IF,IF2603,8,4714.4,11314560.0,1697184.0,2026-01-22,13.932111198637676
2026-01-23,S09-IF-T,T,T2603,21,108.2,22722000.000000004,1136100.0000000002,2026-01-22,3.7852501030908514
2026-01-26,S09-IF-T,IF,IF2603,8,4727.8,11346720.0,1702008.0,2026-01-23,13.29713080072826
2026-01-26,S09-IF-T,T,T2603,24,108.18,25963200.0,1298160.0,2026-01-23,4.221791370147375
2026-01-27,S09-IF-T,IF,IF2603,8,4729.6,11351040.0,1702656.0,2026-01-26,13.656149533159022
2026-01-27,S09-IF-T,T,T2603,24,108.16,25958400.0,1297920.0,2026-01-26,3.977927969348607
2026-01-28,S09-IF-T,IF,IF2603,8,4736.4,11367360.0,1705104.0,2026-01-27,13.740760794102151
2026-01-28,S09-IF-T,T,T2603,24,108.19,25965600.0,1298280.0,2026-01-27,3.8643419191336
2026-01-29,S09-IF-T,IF,IF2603,9,4774.0,12889800.0,1933470.0,2026-01-28,14.627716274381251
2026-01-29,S09-IF-T,T,T2603,23,108.25,24897500.0,1244875.0,2026-01-28,4.191616916417089
2026-01-30,S09-IF-T,IF,IF2603,8,4719.6,11327040.0,1699056.0,2026-01-29,17.21076035637242
2026-01-30,S09-IF-T,T,T2603,25,108.285,27071250.0,1353562.5,2026-01-29,4.989805030412213
2026-02-02,S09-IF-T,IF,IF2603,5,4594.0,6891000.0,1033650.0,2026-01-30,12.608587866921027
2026-02-02,S09-IF-T,T,T2603,29,108.235,31388150.0,1569407.5,2026-01-30,6.36117365096804
2026-02-03,S09-IF-T,IF,IF2603,0,0.0,0.0,0.0,2026-02-02,3.341177405303433
2026-02-03,S09-IF-T,T,T2603,34,108.255,36806700.0,1840335.0,2026-02-02,5.3929691993145825
2026-02-04,S09-IF-T,IF,IF2603,1,4681.6,1404480.0,210672.0,2026-02-03,3.995063280066136
2026-02-04,S09-IF-T,T,T2603,33,108.23,35715900.0,1785795.0,2026-02-03,5.184570850453377
2026-02-05,S09-IF-T,IF,IF2603,1,4667.0,1400100.0,210015.0,2026-02-04,5.9243423903172285
2026-02-05,S09-IF-T,T,T2603,33,108.33,35748900.0,1787445.0,2026-02-04,4.550716679051208
2026-02-06,S09-IF-T,IF,IF2603,0,0.0,0.0,0.0,2026-02-05,5.644106305446845
2026-02-06,S09-IF-T,T,T2603,35,108.42,37947000.0,1897350.0,2026-02-05,5.9255658267597155
2026-02-09,S09-IF-T,IF,IF2603,1,4717.8,1415340.0,212301.0,2026-02-06,4.538409942370531
2026-02-09,S09-IF-T,T,T2603,34,108.47,36879800.0,1843990.0,2026-02-06,8.398379415210815
2026-02-10,S09-IF-T,IF,IF2603,1,4720.6,1416180.0,212427.0,2026-02-09,6.988125063818484
2026-02-10,S09-IF-T,T,T2603,34,108.47,36879800.0,1843990.0,2026-02-09,10.7364859994088
2026-02-11,S09-IF-T,IF,IF2603,1,4712.6,1413780.0,212067.0,2026-02-10,8.255302191408859
2026-02-11,S09-IF-T,T,T2603,34,108.56,36910400.0,1845520.0,2026-02-10,11.332899390358476
2026-02-12,S09-IF-T,IF,IF2603,1,4717.4,1415220.0,212283.0,2026-02-11,8.426547145764816
2026-02-12,S09-IF-T,T,T2603,34,108.615,36929100.0,1846455.0,2026-02-11,12.647408892860426
2026-02-13,S09-IF-T,IF,IF2603,1,4639.6,1391880.0,208782.0,2026-02-12,8.630074516567209
2026-02-13,S09-IF-T,T,T2603,34,108.475,36881500.0,1844075.0,2026-02-12,14.042053436371209
2026-02-24,S09-IF-T,IF,IF2603,0,0.0,0.0,0.0,2026-02-13,4.513507348243148
2026-02-24,S09-IF-T,T,T2606,35,108.62,38017000.0,1900850.0,2026-02-13,13.101088810868802
2026-02-25,S09-IF-T,IF,IF2603,0,0.0,0.0,0.0,2026-02-24,5.332359489260264
2026-02-25,S09-IF-T,T,T2606,35,108.475,37966250.0,1898312.5,2026-02-24,13.88292075013861
2026-02-26,S09-IF-T,IF,IF2603,1,4709.6,1412880.0,211932.0,2026-02-25,7.41766712768015
2026-02-26,S09-IF-T,T,T2606,34,108.345,36837300.0,1841865.0,2026-02-25,9.674979844422614
2026-02-27,S09-IF-T,IF,IF2603,2,4708.0,2824800.0,423720.0,2026-02-26,7.548679246892066
2026-02-27,S09-IF-T,T,T2606,32,108.39,34684800.0,1734240.0,2026-02-26,5.446593904344982
2026-03-02,S09-IF-T,IF,IF2603,2,4712.0,2827200.0,424080.0,2026-02-27,7.724248314082868
2026-03-02,S09-IF-T,T,T2606,32,108.515,34724800.0,1736240.0,2026-02-27,4.645701605870153
2026-03-03,S09-IF-T,IF,IF2603,2,4644.8,2786880.0,418032.0,2026-03-02,7.737666792613418
2026-03-03,S09-IF-T,T,T2606,32,108.505,34721600.0,1736080.0,2026-03-02,7.102743864214714
2026-03-04,S09-IF-T,IF,IF2603,1,4586.0,1375800.0,206370.0,2026-03-03,5.0322987761912765
2026-03-04,S09-IF-T,T,T2606,34,108.575,36915500.0,1845775.0,2026-03-03,7.338446723572849
2026-03-05,S09-IF-T,IF,IF2603,0,0.0,0.0,0.0,2026-03-04,1.6066586085856744
2026-03-05,S09-IF-T,T,T2606,35,108.53,37985500.0,1899275.0,2026-03-04,8.667737328032631
2026-03-06,S09-IF-T,IF,IF2603,0,0.0,0.0,0.0,2026-03-05,2.0806217872870247
2026-03-06,S09-IF-T,T,T2606,35,108.545,37990750.0,1899537.5,2026-03-05,8.873215086016993
2026-03-09,S09-IF-T,IF,IF2603,0,0.0,0.0,0.0,2026-03-06,3.103893532310714
2026-03-09,S09-IF-T,T,T2606,36,108.31,38991600.0,1949580.0,2026-03-06,8.640479707560317
2026-03-10,S09-IF-T,IF,IF2603,0,0.0,0.0,0.0,2026-03-09,1.5660398454955025
2026-03-10,S09-IF-T,T,T2606,15,108.3,16245000.0,812250.0,2026-03-09,2.2510975145123897
2026-03-11,S09-IF-T,IF,IF2606,2,4620.4,2772240.0,415836.0,2026-03-10,3.682530294861235
2026-03-11,S09-IF-T,T,T2606,2,108.265,2165300.0,108265.0,2026-03-10,0.33998725557573956
2026-03-12,S09-IF-T,IF,IF2606,2,4593.8,2756280.0,413442.0,2026-03-11,5.412143900484992
2026-03-12,S09-IF-T,T,T2606,-9,108.3,9747000.0,487350.0,2026-03-11,-1.2906858844556708
2026-03-13,S09-IF-T,IF,IF2606,2,4587.4,2752440.0,412866.0,2026-03-12,4.825520332055376
2026-03-13,S09-IF-T,T,T2606,-5,108.235,5411750.0,270587.5,2026-03-12,-0.6411036083645634
2026-03-16,S09-IF-T,IF,IF2606,2,4589.4,2753640.0,413046.0,2026-03-13,4.391497808553894
2026-03-16,S09-IF-T,T,T2606,-16,108.09,17294400.0,864720.0,2026-03-13,-2.3134771532880634
2026-03-17,S09-IF-T,IF,IF2606,1,4573.4,1372020.0,205803.0,2026-03-16,4.55216100366822
2026-03-17,S09-IF-T,T,T2606,-33,108.135,35684550.00000001,1784227.5000000005,2026-03-16,-4.953803571795657
2026-03-18,S09-IF-T,IF,IF2606,0,0.0,0.0,0.0,2026-03-17,3.2176461389733895
2026-03-18,S09-IF-T,T,T2606,-34,108.255,36806700.0,1840335.0,2026-03-17,-5.302036637776979
2026-03-19,S09-IF-T,IF,IF2606,2,4499.2,2699520.0,404928.0,2026-03-18,3.384465036334125
2026-03-19,S09-IF-T,T,T2606,-15,108.35,16252500.0,812625.0,2026-03-18,-2.1270315274955323
2026-03-20,S09-IF-T,IF,IF2606,0,0.0,0.0,0.0,2026-03-19,0.250265144490745
2026-03-20,S09-IF-T,T,T2606,3,108.24,3247199.9999999995,162360.0,2026-03-19,0.49335688696081403
2026-03-23,S09-IF-T,IF,IF2606,0,0.0,0.0,0.0,2026-03-20,-1.4436055336440077
2026-03-23,S09-IF-T,T,T2606,-1,108.14,1081400.0,54070.0,2026-03-20,-0.19297775209465676
2026-03-24,S09-IF-T,IF,IF2606,-3,4379.6,3941640.0000000005,591246.0,2026-03-23,-5.890846708870326
2026-03-24,S09-IF-T,T,T2606,-19,108.155,20549450.0,1027472.5,2026-03-23,-2.795466431194749
2026-03-25,S09-IF-T,IF,IF2606,-3,4449.6,4004640.0000000005,600696.0,2026-03-24,-6.8191679344517615
2026-03-25,S09-IF-T,T,T2606,-23,108.16,24876800.0,1243840.0,2026-03-24,-3.199792838046549
2026-03-26,S09-IF-T,IF,IF2606,-3,4395.8,3956220.0000000005,593433.0,2026-03-25,-3.9797514274012613
2026-03-26,S09-IF-T,T,T2606,-23,108.25,24897500.0,1244875.0,2026-03-25,-3.49999671268796
2026-03-27,S09-IF-T,IF,IF2606,-3,4428.4,3985559.9999999995,597833.9999999999,2026-03-26,-4.880486872879736
2026-03-27,S09-IF-T,T,T2606,-9,108.225,9740250.0,487012.5,2026-03-26,-1.2726181863555797
2026-03-30,S09-IF-T,IF,IF2606,-3,4409.8,3968820.0000000005,595323.0,2026-03-27,-3.7263925730836136
2026-03-30,S09-IF-T,T,T2606,-5,108.355,5417750.0,270887.5,2026-03-27,-0.6819199335653621
2026-03-31,S09-IF-T,IF,IF2606,-3,4379.2,3941279.9999999995,591191.9999999999,2026-03-30,-3.7042614289030813
2026-03-31,S09-IF-T,T,T2606,21,108.38,22759800.0,1137990.0,2026-03-30,3.077003545386837
2026-04-01,S09-IF-T,IF,IF2606,-2,4445.8,2667480.0,400122.0,2026-03-31,-5.045042170993161
2026-04-01,S09-IF-T,T,T2606,31,108.215,33546650.0,1677332.5,2026-03-31,4.654376917347565
2026-04-02,S09-IF-T,IF,IF2606,-2,4380.0,2628000.0,394200.0,2026-04-01,-2.1750607938979782
2026-04-02,S09-IF-T,T,T2606,3,108.215,3246450.0,162322.5,2026-04-01,0.49579873193751706
2026-04-03,S09-IF-T,IF,IF2606,-2,4357.2,2614320.0,392148.0,2026-04-02,-3.3468498721162954
2026-04-03,S09-IF-T,T,T2606,-6,108.225,6493499.999999999,324675.0,2026-04-02,-0.9084695048206135
2026-04-07,S09-IF-T,IF,IF2606,-2,4365.0,2619000.0,392850.0,2026-04-03,-4.772835628238351
2026-04-07,S09-IF-T,T,T2606,1,108.28,1082800.0,54140.0,2026-04-03,0.10001393220595782
2026-04-08,S09-IF-T,IF,IF2606,-2,4532.4,2719440.0,407916.0,2026-04-07,-5.2567965130606416
2026-04-08,S09-IF-T,T,T2606,7,108.295,7580650.000000001,379032.50000000006,2026-04-07,1.017286969420647
2026-04-09,S09-IF-T,IF,IF2606,0,0.0,0.0,0.0,2026-04-08,1.500583805661573
2026-04-09,S09-IF-T,T,T2606,14,108.27,15157800.0,757890.0,2026-04-08,2.0276598512745108
2026-04-10,S09-IF-T,IF,IF2606,0,0.0,0.0,0.0,2026-04-09,2.233333516250028
2026-04-10,S09-IF-T,T,T2606,11,108.27,11909700.0,595485.0,2026-04-09,1.5703597971813985
2026-04-13,S09-IF-T,IF,IF2606,0,0.0,0.0,0.0,2026-04-10,4.232879322871872
2026-04-13,S09-IF-T,T,T2606,5,108.345,5417250.0,270862.5,2026-04-10,0.6814599494030908
2026-04-14,S09-IF-T,IF,IF2606,2,4620.6,2772360.0,415854.0,2026-04-13,5.215726376318095
2026-04-14,S09-IF-T,T,T2606,20,108.505,21701000.0,1085050.0,2026-04-13,2.7795964488321787
2026-04-15,S09-IF-T,IF,IF2606,1,4626.6,1387980.0,208197.0,2026-04-14,7.336577910931265
2026-04-15,S09-IF-T,T,T2606,33,108.57,35828100.0,1791405.0,2026-04-14,6.2305070419453745
2026-04-16,S09-IF-T,IF,IF2606,1,4677.6,1403280.0,210492.0,2026-04-15,7.657241330368204
2026-04-16,S09-IF-T,T,T2606,33,108.575,35829750.0,1791487.5,2026-04-15,9.260153913980778
2026-04-17,S09-IF-T,IF,IF2606,1,4665.8,1399740.0,209961.0,2026-04-16,9.096370888025463
2026-04-17,S09-IF-T,T,T2606,33,108.695,35869350.0,1793467.5,2026-04-16,9.788285435051836
2026-04-20,S09-IF-T,IF,IF2606,1,4694.0,1408200.0,211230.0,2026-04-17,9.220657419556451
2026-04-20,S09-IF-T,T,T2606,33,108.705,35872650.0,1793632.5,2026-04-17,11.924294107623343
2026-04-21,S09-IF-T,IF,IF2606,1,4705.0,1411500.0,211725.0,2026-04-20,10.020891090731034
2026-04-21,S09-IF-T,T,T2606,33,108.74,35884199.99999999,1794209.9999999998,2026-04-20,13.092996950020249
2026-04-22,S09-IF-T,IF,IF2606,1,4737.4,1421220.0,213183.0,2026-04-21,10.56921055836389
2026-04-22,S09-IF-T,T,T2606,33,108.825,35912250.0,1795612.5,2026-04-21,14.179164207515168
2026-04-23,S09-IF-T,IF,IF2606,1,4720.2,1416060.0,212409.0,2026-04-22,11.760912228421349
2026-04-23,S09-IF-T,T,T2606,33,108.765,35892450.0,1794622.5,2026-04-22,15.121871771446502
2026-04-24,S09-IF-T,IF,IF2606,1,4721.0,1416300.0,212445.0,2026-04-23,11.336076550189187
2026-04-24,S09-IF-T,T,T2606,33,108.735,35882550.0,1794127.5,2026-04-23,13.835833670319534
2026-04-27,S09-IF-T,IF,IF2606,1,4715.2,1414560.0,212184.0,2026-04-24,10.67103320493958
2026-04-27,S09-IF-T,T,T2606,33,108.52,35811600.0,1790580.0,2026-04-24,12.26975096769766
2026-04-28,S09-IF-T,IF,IF2606,3,4698.2,4228380.0,634257.0,2026-04-27,10.395521568617756
2026-04-28,S09-IF-T,T,T2606,30,108.605,32581500.0,1629075.0,2026-04-27,5.217161317192426
2026-04-29,S09-IF-T,IF,IF2606,3,4766.2,4289580.0,643437.0,2026-04-28,9.682104304173764
2026-04-29,S09-IF-T,T,T2606,30,108.655,32596500.0,1629825.0,2026-04-28,5.062973344920128
2026-04-30,S09-IF-T,IF,IF2606,3,4761.4,4285260.0,642789.0,2026-04-29,11.291202489449491
2026-04-30,S09-IF-T,T,T2606,30,108.585,32575499.999999996,1628775.0,2026-04-29,6.618593279801901
2026-05-06,S09-IF-T,IF,IF2606,3,4840.2,4356180.0,653427.0,2026-04-30,11.868589273057758
2026-05-06,S09-IF-T,T,T2606,30,108.55,32565000.0,1628250.0,2026-04-30,5.994907978818264
2026-05-07,S09-IF-T,IF,IF2606,5,4862.6,7293900.0,1094085.0,2026-05-06,14.079728623510544
2026-05-07,S09-IF-T,T,T2606,28,108.555,30395400.0,1519770.0,2026-05-06,4.366605446724268
2026-05-08,S09-IF-T,IF,IF2606,6,4832.8,8699040.0,1304856.0,2026-05-07,15.874316480147522
2026-05-08,S09-IF-T,T,T2606,26,108.61,28238600.0,1411930.0,2026-05-07,4.037838952009166
2026-05-11,S09-IF-T,IF,IF2606,5,4917.0,7375500.0,1106325.0,2026-05-08,15.223800239858411
2026-05-11,S09-IF-T,T,T2606,28,108.665,30426200.000000004,1521310.0000000002,2026-05-08,4.488655629002615
2026-05-12,S09-IF-T,IF,IF2606,4,4909.2,5891040.0,883656.0,2026-05-11,16.895437672028283
2026-05-12,S09-IF-T,T,T2606,29,108.735,31533150.0,1576657.5,2026-05-11,6.7047477027194295
2026-05-13,S09-IF-T,IF,IF2606,4,4960.4,5952480.0,892872.0,2026-05-12,17.623463619781763
2026-05-13,S09-IF-T,T,T2606,30,108.82,32646000.0,1632300.0,2026-05-12,8.652457576011019
2026-05-14,S09-IF-T,IF,IF2606,3,4904.0,4413600.0,662040.0,2026-05-13,19.200512896141273
2026-05-14,S09-IF-T,T,T2606,32,108.77,34806400.0,1740320.0,2026-05-13,11.161102313906362
2026-05-15,S09-IF-T,IF,IF2606,2,4812.6,2887560.0,433134.0,2026-05-14,15.196931163728985
2026-05-15,S09-IF-T,T,T2606,33,108.86,35923800.0,1796190.0,2026-05-14,11.165000736148707
2026-05-18,S09-IF-T,IF,IF2606,1,4783.6,1435080.0,215262.0,2026-05-15,11.475519533801886
2026-05-18,S09-IF-T,T,T2606,33,108.945,35951850.0,1797592.5,2026-05-15,11.610203076878319
2026-05-19,S09-IF-T,IF,IF2606,1,4801.4,1440420.0,216063.0,2026-05-18,9.425017512206876
2026-05-19,S09-IF-T,T,T2606,34,109.1,37094000.0,1854700.0,2026-05-18,14.147486642639393
2026-05-20,S09-IF-T,IF,IF2606,1,4805.6,1441680.0,216252.0,2026-05-19,9.089829975800148
2026-05-20,S09-IF-T,T,T2606,34,109.125,37102500.0,1855125.0,2026-05-19,16.481602538021324
2026-05-21,S09-IF-T,IF,IF2606,1,4776.6,1432980.0,214947.0,2026-05-20,8.746039994973408
2026-05-21,S09-IF-T,T,T2606,34,108.97,37049800.0,1852490.0,2026-05-20,17.66279814800524
2026-05-22,S09-IF-T,IF,IF2606,1,4798.6,1439580.0,215937.0,2026-05-21,5.86263621545696
2026-05-22,S09-IF-T,T,T2606,34,108.93,37036200.0,1851810.0,2026-05-21,14.984229241505158
2026-05-25,S09-IF-T,IF,IF2606,1,4855.8,1456740.0,218511.0,2026-05-22,6.6175184941806595
2026-05-25,S09-IF-T,T,T2609,34,108.84,37005600.0,1850280.0,2026-05-22,14.29749198862168
2026-05-26,S09-IF-T,IF,IF2606,1,4881.2,1464360.0,219654.0,2026-05-25,9.097761669645587
2026-05-26,S09-IF-T,T,T2609,34,108.87,37015800.0,1850790.0,2026-05-25,15.558718878596235
2026-05-27,S09-IF-T,IF,IF2606,1,4856.0,1456800.0,218520.0,2026-05-26,11.701036147166334
2026-05-27,S09-IF-T,T,T2609,34,108.98,37053200.0,1852660.0,2026-05-26,16.20211426566362
2026-05-28,S09-IF-T,IF,IF2606,1,4862.0,1458600.0,218790.0,2026-05-27,10.898408111525264
2026-05-28,S09-IF-T,T,T2609,34,109.075,37085500.0,1854275.0,2026-05-27,18.578355292546465
2026-05-29,S09-IF-T,IF,IF2606,1,4844.8,1453440.0,218016.0,2026-05-28,10.671122807562787
2026-05-29,S09-IF-T,T,T2609,34,109.18,37121200.0,1856060.0,2026-05-28,19.918960670441006
2026-06-01,S09-IF-T,IF,IF2606,1,4810.4,1443120.0,216468.0,2026-05-29,10.26847435643716
2026-06-01,S09-IF-T,T,T2609,35,109.225,38228750.0,1911437.5,2026-05-29,20.0
2026-06-02,S09-IF-T,IF,IF2606,0,0.0,0.0,0.0,2026-06-01,8.479641173745385
2026-06-02,S09-IF-T,T,T2609,35,109.27,38244500.0,1912225.0,2026-06-01,20.0
2026-06-03,S09-IF-T,IF,IF2606,1,4903.4,1471020.0,220653.0,2026-06-02,10.082571902281492
2026-06-03,S09-IF-T,T,T2609,35,109.21,38223500.0,1911175.0,2026-06-02,20.0
2026-06-04,S09-IF-T,IF,IF2606,1,4870.6,1461180.0,219177.0,2026-06-03,12.139969396058266
2026-06-04,S09-IF-T,T,T2609,35,109.275,38246250.0,1912312.5,2026-06-03,20.0
2026-06-05,S09-IF-T,IF,IF2606,1,4786.2,1435860.0,215379.0,2026-06-04,10.921969894102554
2026-06-05,S09-IF-T,T,T2609,35,109.225,38228750.0,1911437.5,2026-06-04,20.0
2026-06-08,S09-IF-T,IF,IF2606,0,0.0,0.0,0.0,2026-06-05,6.053314679503237
2026-06-08,S09-IF-T,T,T2609,35,109.11,38188500.0,1909425.0,2026-06-05,20.0
2026-06-09,S09-IF-T,IF,IF2606,0,0.0,0.0,0.0,2026-06-08,0.969756290310284
2026-06-09,S09-IF-T,T,T2609,36,109.02,39247200.0,1962360.0,2026-06-08,16.997845251934848
2026-06-10,S09-IF-T,IF,IF2609,0,0.0,0.0,0.0,2026-06-09,1.4971026362591981
2026-06-10,S09-IF-T,T,T2609,35,108.875,38106250.0,1905312.5,2026-06-09,13.321422748622702
2026-06-11,S09-IF-T,IF,IF2609,0,0.0,0.0,0.0,2026-06-10,0.7884312495809844
2026-06-11,S09-IF-T,T,T2609,36,108.765,39155400.0,1957770.0,2026-06-10,7.633956354378013
2026-06-12,S09-IF-T,IF,IF2609,0,0.0,0.0,0.0,2026-06-11,-0.2994526430291875
2026-06-12,S09-IF-T,T,T2609,32,108.775,34808000.0,1740400.0,2026-06-11,5.011969095131469
2026-06-15,S09-IF-T,IF,IF2609,0,0.0,0.0,0.0,2026-06-12,2.3505114751942284
2026-06-15,S09-IF-T,T,T2609,32,108.815,34820800.0,1741040.0,2026-06-12,4.6948514299926964
2026-06-16,S09-IF-T,IF,IF2609,2,4773.2,2863920.0,429588.0,2026-06-15,6.579615982121686
2026-06-16,S09-IF-T,T,T2609,32,108.965,34868800.0,1743440.0,2026-06-15,5.257344143400656
2026-06-17,S09-IF-T,IF,IF2609,1,4802.0,1440600.0,216090.0,2026-06-16,7.726512026122055
2026-06-17,S09-IF-T,T,T2609,34,109.015,37065100.0,1853255.0,2026-06-16,8.150323798148428
2026-06-18,S09-IF-T,IF,IF2609,1,4853.4,1456020.0,218403.0,2026-06-17,9.741711178072586
2026-06-18,S09-IF-T,T,T2609,33,109.045,35984850.0,1799242.5,2026-06-17,10.737312503137655
2026-06-22,S09-IF-T,IF,IF2609,1,4975.2,1492560.0,223884.0,2026-06-18,11.704958669424077
2026-06-22,S09-IF-T,T,T2609,34,109.07,37083800.0,1854190.0,2026-06-18,12.140541830916932
2026-06-23,S09-IF-T,IF,IF2609,1,4811.6,1443480.0,216522.0,2026-06-22,13.9193061944143
2026-06-23,S09-IF-T,T,T2609,33,108.955,35955150.0,1797757.5,2026-06-22,12.826763369980485
2026-06-24,S09-IF-T,IF,IF2609,1,4832.0,1449600.0,217440.0,2026-06-23,8.994745950922082
2026-06-24,S09-IF-T,T,T2609,34,109.015,37065100.0,1853255.0,2026-06-23,10.1567319490865
2026-06-25,S09-IF-T,IF,IF2609,0,0.0,0.0,0.0,2026-06-24,8.205406612834155
2026-06-25,S09-IF-T,T,T2609,35,109.095,38183250.0,1909162.5,2026-06-24,10.218665856431562
2026-06-26,S09-IF-T,IF,IF2609,1,4751.4,1425420.0,213813.0,2026-06-25,9.562190117774993
2026-06-26,S09-IF-T,T,T2609,34,109.18,37121200.0,1856060.0,2026-06-25,12.043170940552793
2026-06-29,S09-IF-T,IF,IF2609,0,0.0,0.0,0.0,2026-06-26,5.198219192252638
2026-06-29,S09-IF-T,T,T2609,35,109.32,38262000.0,1913100.0,2026-06-26,14.756239544897221
2026-06-30,S09-IF-T,IF,IF2609,0,0.0,0.0,0.0,2026-06-29,5.072975893618303
2026-06-30,S09-IF-T,T,T2609,36,109.215,39317400.0,1965870.0,2026-06-29,17.846318772327365
2026-07-01,S09-IF-T,IF,IF2609,0,0.0,0.0,0.0,2026-06-30,6.412382083028636
2026-07-01,S09-IF-T,T,T2609,35,108.995,38148250.0,1907412.5,2026-06-30,15.901908330753741
2026-07-02,S09-IF-T,IF,IF2609,1,4725.0,1417500.0,212625.0,2026-07-01,6.338333768473652
2026-07-02,S09-IF-T,T,T2609,34,109.08,37087200.0,1854360.0,2026-07-01,8.70324407074983
2026-07-03,S09-IF-T,IF,IF2609,0,0.0,0.0,0.0,2026-07-02,3.240450670429201
2026-07-03,S09-IF-T,T,T2609,35,109.045,38165750.0,1908287.5,2026-07-02,8.450493046743809
2026-07-06,S09-IF-T,IF,IF2609,0,0.0,0.0,0.0,2026-07-03,3.071944855149742
2026-07-06,S09-IF-T,T,T2609,36,109.165,39299400.0,1964970.0,2026-07-03,7.752572610283339
2026-07-07,S09-IF-T,IF,IF2609,0,0.0,0.0,0.0,2026-07-06,3.1161021406861567
2026-07-07,S09-IF-T,T,T2609,36,109.155,39295800.0,1964790.0,2026-07-06,9.674535651066506
2026-07-08,S09-IF-T,IF,IF2609,0,0.0,0.0,0.0,2026-07-07,1.8466045794289907
2026-07-08,S09-IF-T,T,T2609,36,109.245,39328200.0,1966410.0,2026-07-07,10.446531308590611
2026-07-09,S09-IF-T,IF,IF2609,0,0.0,0.0,0.0,2026-07-08,0.4930556119299168
2026-07-09,S09-IF-T,T,T2609,36,109.23,39322800.0,1966140.0,2026-07-08,12.413691611077006
2026-07-10,S09-IF-T,IF,IF2609,0,0.0,0.0,0.0,2026-07-09,3.034143572530139
2026-07-10,S09-IF-T,T,T2609,36,109.22,39319200.0,1965960.0,2026-07-09,12.098854677518041
2026-07-13,S09-IF-T,IF,IF2609,0,0.0,0.0,0.0,2026-07-10,1.9881478513891464
2026-07-13,S09-IF-T,T,T2609,36,109.185,39306600.0,1965330.0,2026-07-10,11.718786526059503
2026-07-14,S09-IF-T,IF,IF2609,0,0.0,0.0,0.0,2026-07-13,-0.1845543394777846
2026-07-14,S09-IF-T,T,T2609,36,109.19,39308400.0,1965420.0,2026-07-13,10.688859686611796
2026-07-15,S09-IF-T,IF,IF2609,0,0.0,0.0,0.0,2026-07-14,0.6493171945602364
2026-07-15,S09-IF-T,T,T2609,36,109.19,39308400.0,1965420.0,2026-07-14,10.976371070720406
2026-07-16,S09-IF-T,IF,IF2609,0,0.0,0.0,0.0,2026-07-15,1.7932673100935328
2026-07-16,S09-IF-T,T,T2609,36,109.135,39288600.0,1964430.0,2026-07-15,10.889708342827548
2026-07-17,S09-IF-T,IF,IF2609,0,0.0,0.0,0.0,2026-07-16,0.2747447678850799
2026-07-17,S09-IF-T,T,T2609,36,109.195,39310199.99999999,1965509.9999999998,2026-07-16,9.92981297929263
2026-07-20,S09-IF-T,IF,IF2609,0,0.0,0.0,0.0,2026-07-17,-4.536032212261313
2026-07-20,S09-IF-T,T,T2609,36,109.13,39286800.0,1964340.0,2026-07-17,10.527153101533218
2026-07-21,S09-IF-T,IF,IF2609,0,0.0,0.0,0.0,2026-07-20,-4.030066753159026
2026-07-21,S09-IF-T,T,T2609,36,109.175,39303000.0,1965150.0,2026-07-20,9.254451382347174
2026-07-22,S09-IF-T,IF,IF2609,0,0.0,0.0,0.0,2026-07-21,-0.7097744728056197
2026-07-22,S09-IF-T,T,T2609,36,109.3,39348000.0,1967400.0,2026-07-21,10.212366425946945
2026-07-23,S09-IF-T,IF,IF2609,0,0.0,0.0,0.0,2026-07-22,0.1312662706609163
2026-07-23,S09-IF-T,T,T2609,36,109.215,39317400.0,1965870.0,2026-07-22,13.082817813200736
2026-07-24,S09-IF-T,IF,IF2609,0,0.0,0.0,0.0,2026-07-23,0.8614482160138668
2026-07-24,S09-IF-T,T,T2609,36,109.26,39333600.0,1966680.0,2026-07-23,11.254663678048605
2026-07-27,S09-IF-T,IF,IF2609,0,0.0,0.0,0.0,2026-07-24,-0.9140620061422392
2026-07-27,S09-IF-T,T,T2609,36,109.225,39321000.0,1966050.0,2026-07-24,12.345676618954903
2026-07-28,S09-IF-T,IF,IF2609,0,0.0,0.0,0.0,2026-07-27,0.40578524043147407
2026-07-28,S09-IF-T,T,T2609,36,109.175,39303000.0,1965150.0,2026-07-27,10.978825996717326
2026-07-29,S09-IF-T,IF,IF2609,0,0.0,0.0,0.0,2026-07-28,-2.290722325873115
2026-07-29,S09-IF-T,T,T2609,36,109.205,39313800.0,1965690.0,2026-07-28,9.502185870372287
2026-07-30,S09-IF-T,IF,IF2609,0,0.0,0.0,0.0,2026-07-29,-2.569561290626219
2026-07-30,S09-IF-T,T,T2609,36,109.28,39340800.0,1967040.0,2026-07-29,9.615399889387344
2026-07-31,S09-IF-T,IF,IF2609,0,0.0,0.0,0.0,2026-07-30,-3.5403061397197524
2026-07-31,S09-IF-T,T,T2609,36,109.385,39378600.0,1968930.0,2026-07-30,12.28938562977515
2026-08-03,S09-IF-T,IF,IF2609,0,0.0,0.0,0.0,2026-07-31,-2.9572635557244267
2026-08-03,S09-IF-T,T,T2609,36,109.325,39357000.0,1967850.0,2026-07-31,14.482244883645635
2026-08-04,S09-IF-T,IF,IF2609,0,0.0,0.0,0.0,2026-08-03,-3.365837938349435
2026-08-04,S09-IF-T,T,T2609,36,109.415,39389400.0,1969470.0,2026-08-03,13.763911575151402
2026-08-05,S09-IF-T,IF,IF2609,0,0.0,0.0,0.0,2026-08-04,-2.224681568503812
2026-08-05,S09-IF-T,T,T2609,36,109.395,39382200.0,1969110.0,2026-08-04,15.157221496071193
2026-08-06,S09-IF-T,IF,IF2609,0,0.0,0.0,0.0,2026-08-05,0.16567322844535926
2026-08-06,S09-IF-T,T,T2609,36,109.38,39376800.0,1968840.0,2026-08-05,15.333293114575678
2026-08-07,S09-IF-T,IF,IF2609,0,0.0,0.0,0.0,2026-08-06,0.8107577925475125
2026-08-07,S09-IF-T,T,T2609,36,109.44,39398400.0,1969920.0,2026-08-06,14.838690459411719
2026-08-10,S09-IF-T,IF,IF2609,0,0.0,0.0,0.0,2026-08-07,2.012915025470519
2026-08-10,S09-IF-T,T,T2609,36,109.47,39409200.0,1970460.0,2026-08-07,15.49582848266283
2026-08-11,S09-IF-T,IF,IF2609,0,0.0,0.0,0.0,2026-08-10,2.4349640149500273
2026-08-11,S09-IF-T,T,T2609,36,109.425,39393000.0,1969650.0,2026-08-10,16.98839260066561
2026-08-12,S09-IF-T,IF,IF2609,0,0.0,0.0,0.0,2026-08-11,1.993204152719551
2026-08-12,S09-IF-T,T,T2609,36,109.42,39391200.0,1969560.0,2026-08-11,15.911675515386047
2026-08-13,S09-IF-T,IF,IF2609,0,0.0,0.0,0.0,2026-08-12,2.3041138111357258
2026-08-13,S09-IF-T,T,T2609,36,109.475,39411000.0,1970550.0,2026-08-12,15.195442962780184
2026-08-14,S09-IF-T,IF,IF2609,0,0.0,0.0,0.0,2026-08-13,1.8674875892085185
2026-08-14,S09-IF-T,T,T2609,36,109.54,39434400.0,1971720.0,2026-08-13,16.59517832126904
2026-08-17,S09-IF-T,IF,IF2609,0,0.0,0.0,0.0,2026-08-14,1.5814968020242817
2026-08-17,S09-IF-T,T,T2609,36,109.525,39429000.0,1971450.0,2026-08-14,18.46766684579836
2026-08-18,S09-IF-T,IF,IF2609,0,0.0,0.0,0.0,2026-08-17,3.8702588372491213
2026-08-18,S09-IF-T,T,T2609,36,109.605,39457800.0,1972890.0,2026-08-17,19.27569013963504
2026-08-19,S09-IF-T,IF,IF2609,0,0.0,0.0,0.0,2026-08-18,3.7719783814615813
2026-08-19,S09-IF-T,T,T2609,36,109.58,39448800.0,1972440.0,2026-08-18,20.0
2026-08-20,S09-IF-T,IF,IF2609,0,0.0,0.0,0.0,2026-08-19,-0.1705446301468385
2026-08-20,S09-IF-T,T,T2609,36,109.48,39412800.0,1970640.0,2026-08-19,19.979881231296922
2026-08-21,S09-IF-T,IF,IF2609,0,0.0,0.0,0.0,2026-08-20,-1.4915044203781276
2026-08-21,S09-IF-T,T,T2612,36,109.475,39411000.0,1970550.0,2026-08-20,18.951757187218078
2026-08-24,S09-IF-T,IF,IF2609,0,0.0,0.0,0.0,2026-08-21,-1.196520401218017
2026-08-24,S09-IF-T,T,T2612,36,109.575,39447000.0,1972350.0,2026-08-21,18.33661602966288
2026-08-25,S09-IF-T,IF,IF2609,0,0.0,0.0,0.0,2026-08-24,-2.6775424733434807
2026-08-25,S09-IF-T,T,T2612,36,109.53,39430800.0,1971540.0,2026-08-24,20.0
2026-08-26,S09-IF-T,IF,IF2609,0,0.0,0.0,0.0,2026-08-25,-3.302640902024228
2026-08-26,S09-IF-T,T,T2612,36,109.445,39400199.99999999,1970009.9999999998,2026-08-25,19.38562497668782
2026-08-27,S09-IF-T,IF,IF2609,0,0.0,0.0,0.0,2026-08-26,-1.7783970946871879
2026-08-27,S09-IF-T,T,T2612,36,109.305,39349800.00000001,1967490.0000000005,2026-08-26,15.584264920891192
2026-08-28,S09-IF-T,IF,IF2609,0,0.0,0.0,0.0,2026-08-27,0.16377906515923094
2026-08-28,S09-IF-T,T,T2612,36,109.305,39349800.00000001,1967490.0000000005,2026-08-27,8.534624697669887
2026-08-31,S09-IF-T,IF,IF2609,0,0.0,0.0,0.0,2026-08-28,0.519058541891115
2026-08-31,S09-IF-T,T,T2612,36,109.32,39355199.99999999,1967759.9999999998,2026-08-28,7.578188944104578
2026-09-01,S09-IF-T,IF,IF2609,0,0.0,0.0,0.0,2026-08-31,0.982350390246736
2026-09-01,S09-IF-T,T,T2612,36,109.39,39380400.0,1969020.0,2026-08-31,8.142938331856783
2026-09-02,S09-IF-T,IF,IF2609,0,0.0,0.0,0.0,2026-09-01,1.0114451932325994
2026-09-02,S09-IF-T,T,T2612,36,109.36,39369600.0,1968480.0,2026-09-01,10.055700088517336
2026-09-03,S09-IF-T,IF,IF2609,0,0.0,0.0,0.0,2026-09-02,-1.4538627586338535
2026-09-03,S09-IF-T,T,T2612,36,109.475,39411000.0,1970550.0,2026-09-02,9.946368150724748
2026-09-04,S09-IF-T,IF,IF2609,0,0.0,0.0,0.0,2026-09-03,-2.121838345140376
2026-09-04,S09-IF-T,T,T2612,36,109.43,39394800.00000001,1969740.0000000005,2026-09-03,12.476278067105802
2026-09-07,S09-IF-T,IF,IF2609,0,0.0,0.0,0.0,2026-09-04,-2.288645139301093
2026-09-07,S09-IF-T,T,T2612,36,109.44,39398400.0,1969920.0,2026-09-04,11.571633021240535
2026-09-08,S09-IF-T,IF,IF2609,0,0.0,0.0,0.0,2026-09-07,-1.5152130212220771
2026-09-08,S09-IF-T,T,T2612,36,109.4,39384000.0,1969200.0,2026-09-07,11.742606642083281
2026-09-09,S09-IF-T,IF,IF2612,0,0.0,0.0,0.0,2026-09-08,-1.7309753354765718
2026-09-09,S09-IF-T,T,T2612,35,109.435,38302250.0,1915112.5,2026-09-08,11.460590135797368
2026-09-10,S09-IF-T,IF,IF2612,0,0.0,0.0,0.0,2026-09-09,-1.3127196002639248
2026-09-10,S09-IF-T,T,T2612,36,109.415,39389400.0,1969470.0,2026-09-09,11.31282409900737
2026-09-11,S09-IF-T,IF,IF2612,0,0.0,0.0,0.0,2026-09-10,-1.9595411711608324
2026-09-11,S09-IF-T,T,T2612,36,109.335,39360600.0,1968030.0,2026-09-10,11.779625669141838
2026-09-14,S09-IF-T,IF,IF2612,0,0.0,0.0,0.0,2026-09-11,-4.011257087525394
2026-09-14,S09-IF-T,T,T2612,35,109.365,38277750.0,1913887.5,2026-09-11,9.431527476517225
2026-09-15,S09-IF-T,IF,IF2612,-1,4358.2,1307460.0,196119.0,2026-09-14,-5.693344042091338
2026-09-15,S09-IF-T,T,T2612,34,109.44,37209600.0,1860480.0,2026-09-14,9.289808777094919
2026-09-16,S09-IF-T,IF,IF2612,-1,4388.0,1316400.0,197460.0,2026-09-15,-7.770526492605877
2026-09-16,S09-IF-T,T,T2612,34,109.46,37216400.0,1860820.0,2026-09-15,11.38113001306261
2026-09-17,S09-IF-T,IF,IF2612,-1,4369.6,1310880.0,196632.0,2026-09-16,-6.476768333159104
2026-09-17,S09-IF-T,T,T2612,35,109.46,38311000.0,1915550.0,2026-09-16,12.998966256052789
2026-09-18,S09-IF-T,IF,IF2612,-1,4426.6,1327980.0,199197.0,2026-09-17,-6.732136200344409
2026-09-18,S09-IF-T,T,T2612,35,109.52,38332000.0,1916600.0,2026-09-17,13.52578893356212
2026-09-21,S09-IF-T,IF,IF2612,0,0.0,0.0,0.0,2026-09-18,-3.4781101881910734
2026-09-21,S09-IF-T,T,T2612,36,109.525,39429000.0,1971450.0,2026-09-18,15.516896218150144
2026-09-22,S09-IF-T,IF,IF2612,0,0.0,0.0,0.0,2026-09-21,-0.7534903642206394
2026-09-22,S09-IF-T,T,T2612,36,109.61,39459600.0,1972980.0,2026-09-21,16.087459302988986
2026-09-23,S09-IF-T,IF,IF2612,0,0.0,0.0,0.0,2026-09-22,1.0067801614715632
2026-09-23,S09-IF-T,T,T2612,36,109.56,39441600.0,1972080.0,2026-09-22,18.28672799897345
2026-09-24,S09-IF-T,IF,IF2612,0,0.0,0.0,0.0,2026-09-23,0.7151729029328001
2026-09-24,S09-IF-T,T,T2612,36,109.585,39450600.0,1972530.0,2026-09-23,17.037501214376654
