date,strategy_id,root,old_contract,new_contract,old_quantity,new_quantity,trade_quantity,execution_basis,open_price,commission,slippage,is_roll
2026-01-22,S09-IF-T,IF,IF2603,IF2603,0,8,8,official daily open; signal formed after prior close,4740.8,261.69216,480.0,False
2026-01-22,S09-IF-T,T,T2603,T2603,0,24,24,official daily open; signal formed after prior close,108.2,72.0,1200.0,False
2026-01-23,S09-IF-T,T,T2603,T2603,24,21,3,official daily open; signal formed after prior close,108.185,9.0,150.0,False
2026-01-26,S09-IF-T,T,T2603,T2603,21,24,3,official daily open; signal formed after prior close,108.195,9.0,150.0,False
2026-01-29,S09-IF-T,IF,IF2603,IF2603,8,9,1,official daily open; signal formed after prior close,4740.0,32.706,60.0,False
2026-01-29,S09-IF-T,T,T2603,T2603,24,23,1,official daily open; signal formed after prior close,108.25,3.0,50.0,False
2026-01-30,S09-IF-T,IF,IF2603,IF2603,9,8,1,official daily open; signal formed after prior close,4760.0,32.844,60.0,False
2026-01-30,S09-IF-T,T,T2603,T2603,23,25,2,official daily open; signal formed after prior close,108.275,6.0,100.0,False
2026-02-02,S09-IF-T,IF,IF2603,IF2603,8,5,3,official daily open; signal formed after prior close,4680.6,96.88842,180.0,False
2026-02-02,S09-IF-T,T,T2603,T2603,25,29,4,official daily open; signal formed after prior close,108.35,12.0,200.0,False
2026-02-03,S09-IF-T,IF,IF2603,IF2603,5,0,5,official daily open; signal formed after prior close,4621.0,159.42450000000002,300.0,False
2026-02-03,S09-IF-T,T,T2603,T2603,29,34,5,official daily open; signal formed after prior close,108.175,15.0,250.0,False
2026-02-04,S09-IF-T,IF,IF2603,IF2603,0,1,1,official daily open; signal formed after prior close,4645.0,32.0505,60.0,False
2026-02-04,S09-IF-T,T,T2603,T2603,34,33,1,official daily open; signal formed after prior close,108.255,3.0,50.0,False
2026-02-06,S09-IF-T,IF,IF2603,IF2603,1,0,1,official daily open; signal formed after prior close,4614.0,31.836599999999997,60.0,False
2026-02-06,S09-IF-T,T,T2603,T2603,33,35,2,official daily open; signal formed after prior close,108.37,6.0,100.0,False
2026-02-09,S09-IF-T,IF,IF2603,IF2603,0,1,1,official daily open; signal formed after prior close,4688.8,32.352720000000005,60.0,False
2026-02-09,S09-IF-T,T,T2603,T2603,35,34,1,official daily open; signal formed after prior close,108.38,3.0,50.0,False
2026-02-24,S09-IF-T,IF,IF2603,IF2603,1,0,1,official daily open; signal formed after prior close,4680.2,32.29338,60.0,False
2026-02-24,S09-IF-T,T,T2603,T2606,34,35,69,official daily open; signal formed after prior close,108.55,207.0,3450.0,True
2026-02-26,S09-IF-T,IF,IF2603,IF2603,0,1,1,official daily open; signal formed after prior close,4740.0,32.706,60.0,False
2026-02-26,S09-IF-T,T,T2606,T2606,35,34,1,official daily open; signal formed after prior close,108.45,3.0,50.0,False
2026-02-27,S09-IF-T,IF,IF2603,IF2603,1,2,1,official daily open; signal formed after prior close,4690.0,32.361,60.0,False
2026-02-27,S09-IF-T,T,T2606,T2606,34,32,2,official daily open; signal formed after prior close,108.38,6.0,100.0,False
2026-03-04,S09-IF-T,IF,IF2603,IF2603,2,1,1,official daily open; signal formed after prior close,4605.8,31.780020000000004,60.0,False
2026-03-04,S09-IF-T,T,T2606,T2606,32,34,2,official daily open; signal formed after prior close,108.5,6.0,100.0,False
2026-03-05,S09-IF-T,IF,IF2603,IF2603,1,0,1,official daily open; signal formed after prior close,4629.6,31.944240000000004,60.0,False
2026-03-05,S09-IF-T,T,T2606,T2606,34,35,1,official daily open; signal formed after prior close,108.55,3.0,50.0,False
2026-03-09,S09-IF-T,T,T2606,T2606,35,36,1,official daily open; signal formed after prior close,108.465,3.0,50.0,False
2026-03-10,S09-IF-T,T,T2606,T2606,36,15,21,official daily open; signal formed after prior close,108.4,63.0,1050.0,False
2026-03-11,S09-IF-T,IF,IF2603,IF2606,0,2,2,official daily open; signal formed after prior close,4619.6,63.75048,120.0,True
2026-03-11,S09-IF-T,T,T2606,T2606,15,2,13,official daily open; signal formed after prior close,108.26,39.0,650.0,False
2026-03-12,S09-IF-T,T,T2606,T2606,2,-9,11,official daily open; signal formed after prior close,108.23,33.0,550.0,False
2026-03-13,S09-IF-T,T,T2606,T2606,-9,-5,4,official daily open; signal formed after prior close,108.28,12.0,200.0,False
2026-03-16,S09-IF-T,T,T2606,T2606,-5,-16,11,official daily open; signal formed after prior close,108.18,33.0,550.0,False
2026-03-17,S09-IF-T,IF,IF2606,IF2606,2,1,1,official daily open; signal formed after prior close,4600.0,31.740000000000002,60.0,False
2026-03-17,S09-IF-T,T,T2606,T2606,-16,-33,17,official daily open; signal formed after prior close,108.135,51.0,850.0,False
2026-03-18,S09-IF-T,IF,IF2606,IF2606,1,0,1,official daily open; signal formed after prior close,4578.0,31.5882,60.0,False
2026-03-18,S09-IF-T,T,T2606,T2606,-33,-34,1,official daily open; signal formed after prior close,108.13,3.0,50.0,False
2026-03-19,S09-IF-T,IF,IF2606,IF2606,0,2,2,official daily open; signal formed after prior close,4515.8,62.31804,120.0,False
2026-03-19,S09-IF-T,T,T2606,T2606,-34,-15,19,official daily open; signal formed after prior close,108.2,57.0,950.0,False
2026-03-20,S09-IF-T,IF,IF2606,IF2606,2,0,2,official daily open; signal formed after prior close,4519.6,62.37048000000001,120.0,False
2026-03-20,S09-IF-T,T,T2606,T2606,-15,3,18,official daily open; signal formed after prior close,108.31,54.0,900.0,False
2026-03-23,S09-IF-T,T,T2606,T2606,3,-1,4,official daily open; signal formed after prior close,108.24,12.0,200.0,False
2026-03-24,S09-IF-T,IF,IF2606,IF2606,0,-3,3,official daily open; signal formed after prior close,4380.0,90.666,180.0,False
2026-03-24,S09-IF-T,T,T2606,T2606,-1,-19,18,official daily open; signal formed after prior close,108.195,54.0,900.0,False
2026-03-25,S09-IF-T,T,T2606,T2606,-19,-23,4,official daily open; signal formed after prior close,108.16,12.0,200.0,False
2026-03-27,S09-IF-T,T,T2606,T2606,-23,-9,14,official daily open; signal formed after prior close,108.23,42.0,700.0,False
2026-03-30,S09-IF-T,T,T2606,T2606,-9,-5,4,official daily open; signal formed after prior close,108.285,12.0,200.0,False
2026-03-31,S09-IF-T,T,T2606,T2606,-5,21,26,official daily open; signal formed after prior close,108.385,78.0,1300.0,False
2026-04-01,S09-IF-T,IF,IF2606,IF2606,-3,-2,1,official daily open; signal formed after prior close,4433.0,30.587699999999998,60.0,False
2026-04-01,S09-IF-T,T,T2606,T2606,21,31,10,official daily open; signal formed after prior close,108.37,30.0,500.0,False
2026-04-02,S09-IF-T,T,T2606,T2606,31,3,28,official daily open; signal formed after prior close,108.235,84.0,1400.0,False
2026-04-03,S09-IF-T,T,T2606,T2606,3,-6,9,official daily open; signal formed after prior close,108.23,27.0,450.0,False
2026-04-07,S09-IF-T,T,T2606,T2606,-6,1,7,official daily open; signal formed after prior close,108.29,21.0,350.0,False
2026-04-08,S09-IF-T,T,T2606,T2606,1,7,6,official daily open; signal formed after prior close,108.275,18.0,300.0,False
2026-04-09,S09-IF-T,IF,IF2606,IF2606,-2,0,2,official daily open; signal formed after prior close,4507.2,62.19936,120.0,False
2026-04-09,S09-IF-T,T,T2606,T2606,7,14,7,official daily open; signal formed after prior close,108.33,21.0,350.0,False
2026-04-10,S09-IF-T,T,T2606,T2606,14,11,3,official daily open; signal formed after prior close,108.295,9.0,150.0,False
2026-04-13,S09-IF-T,T,T2606,T2606,11,5,6,official daily open; signal formed after prior close,108.3,18.0,300.0,False
2026-04-14,S09-IF-T,IF,IF2606,IF2606,0,2,2,official daily open; signal formed after prior close,4600.4,63.485519999999994,120.0,False
2026-04-14,S09-IF-T,T,T2606,T2606,5,20,15,official daily open; signal formed after prior close,108.4,45.0,750.0,False
2026-04-15,S09-IF-T,IF,IF2606,IF2606,2,1,1,official daily open; signal formed after prior close,4675.8,32.26302,60.0,False
2026-04-15,S09-IF-T,T,T2606,T2606,20,33,13,official daily open; signal formed after prior close,108.46,39.0,650.0,False
2026-04-28,S09-IF-T,IF,IF2606,IF2606,1,3,2,official daily open; signal formed after prior close,4701.0,64.8738,120.0,False
2026-04-28,S09-IF-T,T,T2606,T2606,33,30,3,official daily open; signal formed after prior close,108.61,9.0,150.0,False
2026-05-07,S09-IF-T,IF,IF2606,IF2606,3,5,2,official daily open; signal formed after prior close,4860.0,67.068,120.0,False
2026-05-07,S09-IF-T,T,T2606,T2606,30,28,2,official daily open; signal formed after prior close,108.555,6.0,100.0,False
2026-05-08,S09-IF-T,IF,IF2606,IF2606,5,6,1,official daily open; signal formed after prior close,4840.0,33.396,60.0,False
2026-05-08,S09-IF-T,T,T2606,T2606,28,26,2,official daily open; signal formed after prior close,108.6,6.0,100.0,False
2026-05-11,S09-IF-T,IF,IF2606,IF2606,6,5,1,official daily open; signal formed after prior close,4860.0,33.534,60.0,False
2026-05-11,S09-IF-T,T,T2606,T2606,26,28,2,official daily open; signal formed after prior close,108.56,6.0,100.0,False
2026-05-12,S09-IF-T,IF,IF2606,IF2606,5,4,1,official daily open; signal formed after prior close,4931.0,34.0239,60.0,False
2026-05-12,S09-IF-T,T,T2606,T2606,28,29,1,official daily open; signal formed after prior close,108.665,3.0,50.0,False
2026-05-13,S09-IF-T,T,T2606,T2606,29,30,1,official daily open; signal formed after prior close,108.76,3.0,50.0,False
2026-05-14,S09-IF-T,IF,IF2606,IF2606,4,3,1,official daily open; signal formed after prior close,4990.2,34.432379999999995,60.0,False
2026-05-14,S09-IF-T,T,T2606,T2606,30,32,2,official daily open; signal formed after prior close,108.83,6.0,100.0,False
2026-05-15,S09-IF-T,IF,IF2606,IF2606,3,2,1,official daily open; signal formed after prior close,4887.2,33.72168,60.0,False
2026-05-15,S09-IF-T,T,T2606,T2606,32,33,1,official daily open; signal formed after prior close,108.81,3.0,50.0,False
2026-05-18,S09-IF-T,IF,IF2606,IF2606,2,1,1,official daily open; signal formed after prior close,4810.0,33.189,60.0,False
2026-05-19,S09-IF-T,T,T2606,T2606,33,34,1,official daily open; signal formed after prior close,109.0,3.0,50.0,False
2026-05-25,S09-IF-T,T,T2606,T2609,34,34,68,official daily open; signal formed after prior close,108.8,204.0,3400.0,True
2026-06-01,S09-IF-T,T,T2609,T2609,34,35,1,official daily open; signal formed after prior close,109.23,3.0,50.0,False
2026-06-02,S09-IF-T,IF,IF2606,IF2606,1,0,1,official daily open; signal formed after prior close,4821.0,33.2649,60.0,False
2026-06-03,S09-IF-T,IF,IF2606,IF2606,0,1,1,official daily open; signal formed after prior close,4886.0,33.7134,60.0,False
2026-06-08,S09-IF-T,IF,IF2606,IF2606,1,0,1,official daily open; signal formed after prior close,4700.0,32.43,60.0,False
2026-06-09,S09-IF-T,T,T2609,T2609,35,36,1,official daily open; signal formed after prior close,109.08,3.0,50.0,False
2026-06-10,S09-IF-T,T,T2609,T2609,36,35,1,official daily open; signal formed after prior close,109.03,3.0,50.0,False
2026-06-11,S09-IF-T,T,T2609,T2609,35,36,1,official daily open; signal formed after prior close,108.805,3.0,50.0,False
2026-06-12,S09-IF-T,T,T2609,T2609,36,32,4,official daily open; signal formed after prior close,108.8,12.0,200.0,False
2026-06-16,S09-IF-T,IF,IF2609,IF2609,0,2,2,official daily open; signal formed after prior close,4781.8,65.98884000000001,120.0,False
2026-06-17,S09-IF-T,IF,IF2609,IF2609,2,1,1,official daily open; signal formed after prior close,4762.0,32.8578,60.0,False
2026-06-17,S09-IF-T,T,T2609,T2609,32,34,2,official daily open; signal formed after prior close,108.955,6.0,100.0,False
2026-06-18,S09-IF-T,T,T2609,T2609,34,33,1,official daily open; signal formed after prior close,109.04,3.0,50.0,False
2026-06-22,S09-IF-T,T,T2609,T2609,33,34,1,official daily open; signal formed after prior close,109.0,3.0,50.0,False
2026-06-23,S09-IF-T,T,T2609,T2609,34,33,1,official daily open; signal formed after prior close,109.04,3.0,50.0,False
2026-06-24,S09-IF-T,T,T2609,T2609,33,34,1,official daily open; signal formed after prior close,108.995,3.0,50.0,False
2026-06-25,S09-IF-T,IF,IF2609,IF2609,1,0,1,official daily open; signal formed after prior close,4830.0,33.327,60.0,False
2026-06-25,S09-IF-T,T,T2609,T2609,34,35,1,official daily open; signal formed after prior close,109.045,3.0,50.0,False
2026-06-26,S09-IF-T,IF,IF2609,IF2609,0,1,1,official daily open; signal formed after prior close,4884.0,33.699600000000004,60.0,False
2026-06-26,S09-IF-T,T,T2609,T2609,35,34,1,official daily open; signal formed after prior close,109.095,3.0,50.0,False
2026-06-29,S09-IF-T,IF,IF2609,IF2609,1,0,1,official daily open; signal formed after prior close,4759.4,32.839859999999994,60.0,False
2026-06-29,S09-IF-T,T,T2609,T2609,34,35,1,official daily open; signal formed after prior close,109.23,3.0,50.0,False
2026-06-30,S09-IF-T,T,T2609,T2609,35,36,1,official daily open; signal formed after prior close,109.35,3.0,50.0,False
2026-07-01,S09-IF-T,T,T2609,T2609,36,35,1,official daily open; signal formed after prior close,109.19,3.0,50.0,False
2026-07-02,S09-IF-T,IF,IF2609,IF2609,0,1,1,official daily open; signal formed after prior close,4769.0,32.9061,60.0,False
2026-07-02,S09-IF-T,T,T2609,T2609,35,34,1,official daily open; signal formed after prior close,109.03,3.0,50.0,False
2026-07-03,S09-IF-T,IF,IF2609,IF2609,1,0,1,official daily open; signal formed after prior close,4733.8,32.66322,60.0,False
2026-07-03,S09-IF-T,T,T2609,T2609,34,35,1,official daily open; signal formed after prior close,109.06,3.0,50.0,False
2026-07-06,S09-IF-T,T,T2609,T2609,35,36,1,official daily open; signal formed after prior close,109.07,3.0,50.0,False
2026-08-21,S09-IF-T,T,T2609,T2612,36,36,72,official daily open; signal formed after prior close,109.48,216.0,3600.0,True
2026-09-09,S09-IF-T,T,T2612,T2612,36,35,1,official daily open; signal formed after prior close,109.415,3.0,50.0,False
2026-09-10,S09-IF-T,T,T2612,T2612,35,36,1,official daily open; signal formed after prior close,109.4,3.0,50.0,False
2026-09-14,S09-IF-T,T,T2612,T2612,36,35,1,official daily open; signal formed after prior close,109.345,3.0,50.0,False
2026-09-15,S09-IF-T,IF,IF2612,IF2612,0,-1,1,official daily open; signal formed after prior close,4383.0,30.2427,60.0,False
2026-09-15,S09-IF-T,T,T2612,T2612,35,34,1,official daily open; signal formed after prior close,109.375,3.0,50.0,False
2026-09-17,S09-IF-T,T,T2612,T2612,34,35,1,official daily open; signal formed after prior close,109.48,3.0,50.0,False
2026-09-21,S09-IF-T,IF,IF2612,IF2612,-1,0,1,official daily open; signal formed after prior close,4451.0,30.7119,60.0,False
2026-09-21,S09-IF-T,T,T2612,T2612,35,36,1,official daily open; signal formed after prior close,109.53,3.0,50.0,False
