date,strategy_id,equity,gross_pnl,commission,slippage,net_pnl,daily_return,margin_used,gross_notional,deferred_orders,running_peak,drawdown
2025-01-02,S28-TF-T,10000000.0,0.0,0.0,0.0,0.0,0.0,0.0,0.0,0,10000000.0,0.0
2025-01-03,S28-TF-T,10000000.0,0.0,0.0,0.0,0.0,0.0,0.0,0.0,0,10000000.0,0.0
2025-01-06,S28-TF-T,10000000.0,0.0,0.0,0.0,0.0,0.0,0.0,0.0,0,10000000.0,0.0
2025-01-07,S28-TF-T,10000000.0,0.0,0.0,0.0,0.0,0.0,0.0,0.0,0,10000000.0,0.0
2025-01-08,S28-TF-T,10000000.0,0.0,0.0,0.0,0.0,0.0,0.0,0.0,0,10000000.0,0.0
2025-01-09,S28-TF-T,10000000.0,0.0,0.0,0.0,0.0,0.0,0.0,0.0,0,10000000.0,0.0
2025-01-10,S28-TF-T,10000000.0,0.0,0.0,0.0,0.0,0.0,0.0,0.0,0,10000000.0,0.0
2025-01-13,S28-TF-T,10000000.0,0.0,0.0,0.0,0.0,0.0,0.0,0.0,0,10000000.0,0.0
2025-01-14,S28-TF-T,10000000.0,0.0,0.0,0.0,0.0,0.0,0.0,0.0,0,10000000.0,0.0
2025-01-15,S28-TF-T,10000000.0,0.0,0.0,0.0,0.0,0.0,0.0,0.0,0,10000000.0,0.0
2025-01-16,S28-TF-T,10000000.0,0.0,0.0,0.0,0.0,0.0,0.0,0.0,0,10000000.0,0.0
2025-01-17,S28-TF-T,10000000.0,0.0,0.0,0.0,0.0,0.0,0.0,0.0,0,10000000.0,0.0
2025-01-20,S28-TF-T,10000000.0,0.0,0.0,0.0,0.0,0.0,0.0,0.0,0,10000000.0,0.0
2025-01-21,S28-TF-T,10000000.0,0.0,0.0,0.0,0.0,0.0,0.0,0.0,0,10000000.0,0.0
2025-01-22,S28-TF-T,10000000.0,0.0,0.0,0.0,0.0,0.0,0.0,0.0,0,10000000.0,0.0
2025-01-23,S28-TF-T,10000000.0,0.0,0.0,0.0,0.0,0.0,0.0,0.0,0,10000000.0,0.0
2025-01-24,S28-TF-T,10000000.0,0.0,0.0,0.0,0.0,0.0,0.0,0.0,0,10000000.0,0.0
2025-01-27,S28-TF-T,10000000.0,0.0,0.0,0.0,0.0,0.0,0.0,0.0,0,10000000.0,0.0
2025-02-05,S28-TF-T,10000000.0,0.0,0.0,0.0,0.0,0.0,0.0,0.0,0,10000000.0,0.0
2025-02-06,S28-TF-T,10000000.0,0.0,0.0,0.0,0.0,0.0,0.0,0.0,0,10000000.0,0.0
2025-02-07,S28-TF-T,10000000.0,0.0,0.0,0.0,0.0,0.0,0.0,0.0,0,10000000.0,0.0
2025-02-10,S28-TF-T,10000000.0,0.0,0.0,0.0,0.0,0.0,0.0,0.0,0,10000000.0,0.0
2025-02-11,S28-TF-T,10000000.0,0.0,0.0,0.0,0.0,0.0,0.0,0.0,0,10000000.0,0.0
2025-02-12,S28-TF-T,10000000.0,0.0,0.0,0.0,0.0,0.0,0.0,0.0,0,10000000.0,0.0
2025-02-13,S28-TF-T,10000000.0,0.0,0.0,0.0,0.0,0.0,0.0,0.0,0,10000000.0,0.0
2025-02-14,S28-TF-T,10000000.0,0.0,0.0,0.0,0.0,0.0,0.0,0.0,0,10000000.0,0.0
2025-02-17,S28-TF-T,10000000.0,0.0,0.0,0.0,0.0,0.0,0.0,0.0,0,10000000.0,0.0
2025-02-18,S28-TF-T,10000000.0,0.0,0.0,0.0,0.0,0.0,0.0,0.0,0,10000000.0,0.0
2025-02-19,S28-TF-T,10000000.0,0.0,0.0,0.0,0.0,0.0,0.0,0.0,0,10000000.0,0.0
2025-02-20,S28-TF-T,10000000.0,0.0,0.0,0.0,0.0,0.0,0.0,0.0,0,10000000.0,0.0
2025-02-21,S28-TF-T,10000000.0,0.0,0.0,0.0,0.0,0.0,0.0,0.0,0,10000000.0,0.0
2025-02-24,S28-TF-T,10000000.0,0.0,0.0,0.0,0.0,0.0,0.0,0.0,0,10000000.0,0.0
2025-02-25,S28-TF-T,10000000.0,0.0,0.0,0.0,0.0,0.0,0.0,0.0,0,10000000.0,0.0
2025-02-26,S28-TF-T,10000000.0,0.0,0.0,0.0,0.0,0.0,0.0,0.0,0,10000000.0,0.0
2025-02-27,S28-TF-T,10000000.0,0.0,0.0,0.0,0.0,0.0,0.0,0.0,0,10000000.0,0.0
2025-02-28,S28-TF-T,10000000.0,0.0,0.0,0.0,0.0,0.0,0.0,0.0,0,10000000.0,0.0
2025-03-03,S28-TF-T,10000000.0,0.0,0.0,0.0,0.0,0.0,0.0,0.0,0,10000000.0,0.0
2025-03-04,S28-TF-T,10000000.0,0.0,0.0,0.0,0.0,0.0,0.0,0.0,0,10000000.0,0.0
2025-03-05,S28-TF-T,10000000.0,0.0,0.0,0.0,0.0,0.0,0.0,0.0,0,10000000.0,0.0
2025-03-06,S28-TF-T,10000000.0,0.0,0.0,0.0,0.0,0.0,0.0,0.0,0,10000000.0,0.0
2025-03-07,S28-TF-T,10000000.0,0.0,0.0,0.0,0.0,0.0,0.0,0.0,0,10000000.0,0.0
2025-03-10,S28-TF-T,10000000.0,0.0,0.0,0.0,0.0,0.0,0.0,0.0,0,10000000.0,0.0
2025-03-11,S28-TF-T,10000000.0,0.0,0.0,0.0,0.0,0.0,0.0,0.0,0,10000000.0,0.0
2025-03-12,S28-TF-T,10000000.0,0.0,0.0,0.0,0.0,0.0,0.0,0.0,0,10000000.0,0.0
2025-03-13,S28-TF-T,10000000.0,0.0,0.0,0.0,0.0,0.0,0.0,0.0,0,10000000.0,0.0
2025-03-14,S28-TF-T,10000000.0,0.0,0.0,0.0,0.0,0.0,0.0,0.0,0,10000000.0,0.0
2025-03-17,S28-TF-T,10000000.0,0.0,0.0,0.0,0.0,0.0,0.0,0.0,0,10000000.0,0.0
2025-03-18,S28-TF-T,10000000.0,0.0,0.0,0.0,0.0,0.0,0.0,0.0,0,10000000.0,0.0
2025-03-19,S28-TF-T,10000000.0,0.0,0.0,0.0,0.0,0.0,0.0,0.0,0,10000000.0,0.0
2025-03-20,S28-TF-T,10000000.0,0.0,0.0,0.0,0.0,0.0,0.0,0.0,0,10000000.0,0.0
2025-03-21,S28-TF-T,10000000.0,0.0,0.0,0.0,0.0,0.0,0.0,0.0,0,10000000.0,0.0
2025-03-24,S28-TF-T,10000000.0,0.0,0.0,0.0,0.0,0.0,0.0,0.0,0,10000000.0,0.0
2025-03-25,S28-TF-T,10000000.0,0.0,0.0,0.0,0.0,0.0,0.0,0.0,0,10000000.0,0.0
2025-03-26,S28-TF-T,10000000.0,0.0,0.0,0.0,0.0,0.0,0.0,0.0,0,10000000.0,0.0
2025-03-27,S28-TF-T,10000000.0,0.0,0.0,0.0,0.0,0.0,0.0,0.0,0,10000000.0,0.0
2025-03-28,S28-TF-T,10000000.0,0.0,0.0,0.0,0.0,0.0,0.0,0.0,0,10000000.0,0.0
2025-03-31,S28-TF-T,10000000.0,0.0,0.0,0.0,0.0,0.0,0.0,0.0,0,10000000.0,0.0
2025-04-01,S28-TF-T,10000000.0,0.0,0.0,0.0,0.0,0.0,0.0,0.0,0,10000000.0,0.0
2025-04-02,S28-TF-T,10000000.0,0.0,0.0,0.0,0.0,0.0,0.0,0.0,0,10000000.0,0.0
2025-04-03,S28-TF-T,10000000.0,0.0,0.0,0.0,0.0,0.0,0.0,0.0,0,10000000.0,0.0
2025-04-07,S28-TF-T,10000000.0,0.0,0.0,0.0,0.0,0.0,0.0,0.0,0,10000000.0,0.0
2025-04-08,S28-TF-T,10000000.0,0.0,0.0,0.0,0.0,0.0,0.0,0.0,0,10000000.0,0.0
2025-04-09,S28-TF-T,10000000.0,0.0,0.0,0.0,0.0,0.0,0.0,0.0,0,10000000.0,0.0
2025-04-10,S28-TF-T,10000000.0,0.0,0.0,0.0,0.0,0.0,0.0,0.0,0,10000000.0,0.0
2025-04-11,S28-TF-T,10000000.0,0.0,0.0,0.0,0.0,0.0,0.0,0.0,0,10000000.0,0.0
2025-04-14,S28-TF-T,10000000.0,0.0,0.0,0.0,0.0,0.0,0.0,0.0,0,10000000.0,0.0
2025-04-15,S28-TF-T,10000000.0,0.0,0.0,0.0,0.0,0.0,0.0,0.0,0,10000000.0,0.0
2025-04-16,S28-TF-T,10000000.0,0.0,0.0,0.0,0.0,0.0,0.0,0.0,0,10000000.0,0.0
2025-04-17,S28-TF-T,10000000.0,0.0,0.0,0.0,0.0,0.0,0.0,0.0,0,10000000.0,0.0
2025-04-18,S28-TF-T,10000000.0,0.0,0.0,0.0,0.0,0.0,0.0,0.0,0,10000000.0,0.0
2025-04-21,S28-TF-T,10000000.0,0.0,0.0,0.0,0.0,0.0,0.0,0.0,0,10000000.0,0.0
2025-04-22,S28-TF-T,10000000.0,0.0,0.0,0.0,0.0,0.0,0.0,0.0,0,10000000.0,0.0
2025-04-23,S28-TF-T,10000000.0,0.0,0.0,0.0,0.0,0.0,0.0,0.0,0,10000000.0,0.0
2025-04-24,S28-TF-T,10000000.0,0.0,0.0,0.0,0.0,0.0,0.0,0.0,0,10000000.0,0.0
2025-04-25,S28-TF-T,10000000.0,0.0,0.0,0.0,0.0,0.0,0.0,0.0,0,10000000.0,0.0
2025-04-28,S28-TF-T,10000000.0,0.0,0.0,0.0,0.0,0.0,0.0,0.0,0,10000000.0,0.0
2025-04-29,S28-TF-T,10000000.0,0.0,0.0,0.0,0.0,0.0,0.0,0.0,0,10000000.0,0.0
2025-04-30,S28-TF-T,10000000.0,0.0,0.0,0.0,0.0,0.0,0.0,0.0,0,10000000.0,0.0
2025-05-06,S28-TF-T,10000000.0,0.0,0.0,0.0,0.0,0.0,0.0,0.0,0,10000000.0,0.0
2025-05-07,S28-TF-T,10000000.0,0.0,0.0,0.0,0.0,0.0,0.0,0.0,0,10000000.0,0.0
2025-05-08,S28-TF-T,10000000.0,0.0,0.0,0.0,0.0,0.0,0.0,0.0,0,10000000.0,0.0
2025-05-09,S28-TF-T,10000000.0,0.0,0.0,0.0,0.0,0.0,0.0,0.0,0,10000000.0,0.0
2025-05-12,S28-TF-T,10000000.0,0.0,0.0,0.0,0.0,0.0,0.0,0.0,0,10000000.0,0.0
2025-05-13,S28-TF-T,10000000.0,0.0,0.0,0.0,0.0,0.0,0.0,0.0,0,10000000.0,0.0
2025-05-14,S28-TF-T,10000000.0,0.0,0.0,0.0,0.0,0.0,0.0,0.0,0,10000000.0,0.0
2025-05-15,S28-TF-T,10000000.0,0.0,0.0,0.0,0.0,0.0,0.0,0.0,0,10000000.0,0.0
2025-05-16,S28-TF-T,10000000.0,0.0,0.0,0.0,0.0,0.0,0.0,0.0,0,10000000.0,0.0
2025-05-19,S28-TF-T,10000000.0,0.0,0.0,0.0,0.0,0.0,0.0,0.0,0,10000000.0,0.0
2025-05-20,S28-TF-T,10000000.0,0.0,0.0,0.0,0.0,0.0,0.0,0.0,0,10000000.0,0.0
2025-05-21,S28-TF-T,10000000.0,0.0,0.0,0.0,0.0,0.0,0.0,0.0,0,10000000.0,0.0
2025-05-22,S28-TF-T,10000000.0,0.0,0.0,0.0,0.0,0.0,0.0,0.0,0,10000000.0,0.0
2025-05-23,S28-TF-T,10000000.0,0.0,0.0,0.0,0.0,0.0,0.0,0.0,0,10000000.0,0.0
2025-05-26,S28-TF-T,10000000.0,0.0,0.0,0.0,0.0,0.0,0.0,0.0,0,10000000.0,0.0
2025-05-27,S28-TF-T,10000000.0,0.0,0.0,0.0,0.0,0.0,0.0,0.0,0,10000000.0,0.0
2025-05-28,S28-TF-T,10000000.0,0.0,0.0,0.0,0.0,0.0,0.0,0.0,0,10000000.0,0.0
2025-05-29,S28-TF-T,10000000.0,0.0,0.0,0.0,0.0,0.0,0.0,0.0,0,10000000.0,0.0
2025-05-30,S28-TF-T,10000000.0,0.0,0.0,0.0,0.0,0.0,0.0,0.0,0,10000000.0,0.0
2025-06-03,S28-TF-T,10000000.0,0.0,0.0,0.0,0.0,0.0,0.0,0.0,0,10000000.0,0.0
2025-06-04,S28-TF-T,10000000.0,0.0,0.0,0.0,0.0,0.0,0.0,0.0,0,10000000.0,0.0
2025-06-05,S28-TF-T,10000000.0,0.0,0.0,0.0,0.0,0.0,0.0,0.0,0,10000000.0,0.0
2025-06-06,S28-TF-T,10000000.0,0.0,0.0,0.0,0.0,0.0,0.0,0.0,0,10000000.0,0.0
2025-06-09,S28-TF-T,10000000.0,0.0,0.0,0.0,0.0,0.0,0.0,0.0,0,10000000.0,0.0
2025-06-10,S28-TF-T,10000000.0,0.0,0.0,0.0,0.0,0.0,0.0,0.0,0,10000000.0,0.0
2025-06-11,S28-TF-T,10000000.0,0.0,0.0,0.0,0.0,0.0,0.0,0.0,0,10000000.0,0.0
2025-06-12,S28-TF-T,10000000.0,0.0,0.0,0.0,0.0,0.0,0.0,0.0,0,10000000.0,0.0
2025-06-13,S28-TF-T,10000000.0,0.0,0.0,0.0,0.0,0.0,0.0,0.0,0,10000000.0,0.0
2025-06-16,S28-TF-T,10000000.0,0.0,0.0,0.0,0.0,0.0,0.0,0.0,0,10000000.0,0.0
2025-06-17,S28-TF-T,10000000.0,0.0,0.0,0.0,0.0,0.0,0.0,0.0,0,10000000.0,0.0
2025-06-18,S28-TF-T,10000000.0,0.0,0.0,0.0,0.0,0.0,0.0,0.0,0,10000000.0,0.0
2025-06-19,S28-TF-T,10000000.0,0.0,0.0,0.0,0.0,0.0,0.0,0.0,0,10000000.0,0.0
2025-06-20,S28-TF-T,10000000.0,0.0,0.0,0.0,0.0,0.0,0.0,0.0,0,10000000.0,0.0
2025-06-23,S28-TF-T,10000000.0,0.0,0.0,0.0,0.0,0.0,0.0,0.0,0,10000000.0,0.0
2025-06-24,S28-TF-T,10000000.0,0.0,0.0,0.0,0.0,0.0,0.0,0.0,0,10000000.0,0.0
2025-06-25,S28-TF-T,10000000.0,0.0,0.0,0.0,0.0,0.0,0.0,0.0,0,10000000.0,0.0
2025-06-26,S28-TF-T,10000000.0,0.0,0.0,0.0,0.0,0.0,0.0,0.0,0,10000000.0,0.0
2025-06-27,S28-TF-T,10000000.0,0.0,0.0,0.0,0.0,0.0,0.0,0.0,0,10000000.0,0.0
2025-06-30,S28-TF-T,10000000.0,0.0,0.0,0.0,0.0,0.0,0.0,0.0,0,10000000.0,0.0
2025-07-01,S28-TF-T,10000000.0,0.0,0.0,0.0,0.0,0.0,0.0,0.0,0,10000000.0,0.0
2025-07-02,S28-TF-T,10000000.0,0.0,0.0,0.0,0.0,0.0,0.0,0.0,0,10000000.0,0.0
2025-07-03,S28-TF-T,10000000.0,0.0,0.0,0.0,0.0,0.0,0.0,0.0,0,10000000.0,0.0
2025-07-04,S28-TF-T,9999292.0,1199.9999999997608,108.0,1800.0,-708.0000000002392,-7.080000000002392e-05,1710825.0,38679000.0,0,10000000.0,-7.08000000000375e-05
2025-07-07,S28-TF-T,9993742.0,-5550.00000000092,0.0,0.0,-5550.00000000092,-0.0005550392967823043,1710535.5,38671950.0,0,10000000.0,-0.0006258000000000097
2025-07-08,S28-TF-T,9990292.0,-3449.9999999998436,0.0,0.0,-3449.9999999998436,-0.00034521603619543545,1708912.5,38635500.0,0,10000000.0,-0.0009708000000000494
2025-07-09,S28-TF-T,9988642.000000002,-1649.9999999976471,0.0,0.0,-1649.9999999976471,-0.00016516033765556074,1709184.0,38641350.0,0,10000000.0,-0.001135799999999798
2025-07-10,S28-TF-T,9986091.999999998,-2550.000000003227,0.0,0.0,-2550.000000003227,-0.00025528995833499953,1706854.5,38589300.0,0,10000000.0,-0.0013908000000001364
2025-07-11,S28-TF-T,9985447.0,150.00000000114278,45.0,750.0,-644.9999999988572,-6.458983153758822e-05,998347.5,22510350.0,0,10000000.0,-0.0014553000000000482
2025-07-14,S28-TF-T,9985447.000000002,1.7043930711224675e-09,0.0,0.0,1.7043930711224675e-09,1.7068770893505995e-16,997375.5,22488750.0,0,10000000.0,-0.0014552999999998262
2025-07-15,S28-TF-T,9983947.0,-1500.0000000016207,0.0,0.0,-1500.0000000016207,-0.00015021861314787614,998854.5,22521450.0,0,10000000.0,-0.0016053000000000317
2025-07-16,S28-TF-T,9987767.0,4349.999999999454,30.0,500.0,3819.9999999994543,0.0003826142105922091,1470934.0,33235400.0,0,10000000.0,-0.0012233000000000382
2025-07-17,S28-TF-T,9989552.000000002,2050.000000001972,15.0,250.0,1785.0000000019718,0.00017871862649598974,1707298.5,38599650.0,0,10000000.0,-0.0010447999999998459
2025-07-18,S28-TF-T,9991952.0,2399.9999999973907,0.0,0.0,2399.9999999973907,0.00024025101425943727,1706517.0,38582550.0,0,10000000.0,-0.0008048000000000499
2025-07-21,S28-TF-T,9989252.000000002,-2699.999999998822,0.0,0.0,-2699.999999998822,-0.0002702174710205596,1705329.0,38555850.0,0,10000000.0,-0.0010747999999998203
2025-07-22,S28-TF-T,9990996.000000002,1850.0000000004475,6.0,100.0,1744.0000000004475,0.0001745876468028284,1692233.0000000002,38503600.00000001,0,10000000.0,-0.0009003999999998014
2025-07-23,S28-TF-T,9987490.000000002,-3399.999999999185,6.0,100.0,-3505.999999999185,-0.00035091596473456544,1702737.0,38498550.0,0,10000000.0,-0.00125099999999978
2025-07-24,S28-TF-T,9987040.0,-450.0000000021464,0.0,0.0,-450.0000000021464,-4.5056365513471985e-05,1699074.0,38417100.0,0,10000000.0,-0.0012959999999999638
2025-07-25,S28-TF-T,9991540.0,4500.0000000005975,0.0,0.0,4500.0000000005975,0.000450583956808083,1698376.5,38402100.0,0,10000000.0,-0.0008460000000000134
2025-07-28,S28-TF-T,9989140.0,-2400.0000000008035,0.0,0.0,-2400.0000000008035,-0.00024020321191736243,1701048.0,38461200.0,0,10000000.0,-0.0010860000000000314
2025-07-29,S28-TF-T,9992440.0,3300.000000000411,0.0,0.0,3300.000000000411,0.0003303587696238526,1697670.0,38386500.0,0,10000000.0,-0.0007559999999999789
2025-07-30,S28-TF-T,9986590.0,-5850.000000000222,0.0,0.0,-5850.000000000222,-0.000585442594601541,1699663.5,38430150.0,0,10000000.0,-0.0013410000000000366
2025-07-31,S28-TF-T,9981190.0,-5399.999999999351,0.0,0.0,-5399.999999999351,-0.0005407251123756308,1701540.0,38471250.0,0,10000000.0,-0.0018810000000000215
2025-08-01,S28-TF-T,9983837.0,2700.000000000671,3.0,50.0,2647.000000000671,0.0002651988390162567,1743799.0,39528100.0,0,10000000.0,-0.001616300000000015
2025-08-04,S28-TF-T,9975287.0,-8549.99999999961,0.0,0.0,-8549.99999999961,-0.000856384173739977,1743929.5,39530050.0,0,10000000.0,-0.002471299999999954
2025-08-05,S28-TF-T,9974336.999999998,-950.0000000014097,0.0,0.0,-950.0000000014097,-9.523535513328185e-05,1744769.0,39548600.0,0,10000000.0,-0.0025663000000001324
2025-08-06,S28-TF-T,9977587.0,3250.000000001166,0.0,0.0,3250.000000001166,0.0003258361934232989,1745101.5,39556350.0,0,10000000.0,-0.0022413000000000016
2025-08-07,S28-TF-T,9978536.999999998,949.999999998995,0.0,0.0,949.999999998995,9.52134017973479e-05,1745747.0,39570800.0,0,10000000.0,-0.0021463000000001564
2025-08-08,S28-TF-T,9979636.999999996,1099.9999999989996,0.0,0.0,1099.9999999989996,0.00011023660081623186,1745791.0,39571900.0,0,10000000.0,-0.002036300000000324
2025-08-11,S28-TF-T,9979386.999999996,-249.99999999934516,0.0,0.0,-249.99999999934516,-2.5051011374396208e-05,1743823.5,39528150.0,0,10000000.0,-0.0020613000000003767
2025-08-12,S28-TF-T,9982136.999999996,2749.9999999997726,0.0,0.0,2749.9999999997726,0.0002755680283768706,1743191.0,39514400.0,0,10000000.0,-0.0017863000000003515
2025-08-13,S28-TF-T,9986736.999999998,4600.000000001928,0.0,0.0,4600.000000001928,0.00046082316842595224,1744050.0,39534000.0,0,10000000.0,-0.0013263000000002245
2025-08-14,S28-TF-T,9989686.999999998,2949.9999999997344,0.0,0.0,2949.9999999997344,0.0002953917781152878,1742615.5,39502450.0,0,10000000.0,-0.0010313000000001793
2025-08-15,S28-TF-T,9990486.999999996,799.9999999982765,0.0,0.0,799.9999999982765,8.008258917404286e-05,1742377.5,39497250.0,0,10000000.0,-0.0009513000000003213
2025-08-18,S28-TF-T,9990036.999999998,-449.99999999760075,0.0,0.0,-449.99999999760075,-4.5042849262263284e-05,1738242.0,39405300.0,0,10000000.0,-0.000996300000000172
2025-08-19,S28-TF-T,10004596.999999996,16149.999999997817,90.0,1500.0,14559.999999997817,0.0014574520594866486,1738220.5,39407950.0,0,10004596.999999996,0.0
2025-08-20,S28-TF-T,10010064.999999998,7800.000000002714,132.0,2200.0,5468.000000002714,0.0005465487515391891,1735850.5,39353950.0,0,10010064.999999998,0.0
2025-08-21,S28-TF-T,10013164.999999996,3099.999999998032,0.0,0.0,3099.999999998032,0.00030968829872713436,1736784.5,39375050.0,0,10013164.999999996,0.0
2025-08-22,S28-TF-T,10027764.999999998,14600.000000001928,0.0,0.0,14600.000000001928,0.001458080437104745,1734668.5,39329650.0,0,10027764.999999998,0.0
2025-08-25,S28-TF-T,10019164.999999998,-8600.000000000284,0.0,0.0,-8600.000000000284,-0.0008576188213425709,1737969.5,39402050.0,0,10027764.999999998,-0.0008576188213424984
2025-08-26,S28-TF-T,10018761.999999996,-350.0000000018133,3.0,50.0,-403.0000000018133,-4.022291278782348e-05,1684121.0,38325300.0,0,10027764.999999998,-0.0008978072382033186
2025-08-27,S28-TF-T,10017761.999999998,-999.9999999976699,0.0,0.0,-999.9999999976699,-9.981273135320215e-05,1684963.0,38343900.0,0,10027764.999999998,-0.0009975303569639271
2025-08-28,S28-TF-T,10025961.999999996,8199.999999997659,0.0,0.0,8199.999999997659,0.0008185460984197529,1682771.0,38296100.0,0,10027764.999999998,-0.00017980078312584968
2025-08-29,S28-TF-T,10033761.999999998,7800.000000002285,0.0,0.0,7800.000000002285,0.0007779802077847779,1683272.0,38308100.0,0,10033761.999999998,0.0
2025-09-01,S28-TF-T,10027161.999999998,-6600.000000000247,0.0,0.0,-6600.000000000247,-0.0006577792058452502,1685087.0,38347700.0,0,10033761.999999998,-0.0006577792058451992
2025-09-02,S28-TF-T,10025658.999999996,-1450.0000000023774,3.0,50.0,-1503.0000000023774,-0.00014989286101115926,1726570.0,39386700.0,0,10033761.999999998,-0.000807573470449241
2025-09-03,S28-TF-T,10031258.999999996,5600.0000000004475,0.0,0.0,5600.0000000004475,0.0005585667735158805,1729188.0,39445500.0,0,10033761.999999998,-0.0002494577806412268
2025-09-04,S28-TF-T,10023205.999999998,-7999.9999999972715,3.0,50.0,-8052.9999999972715,-0.0008027905569976086,1688446.0,38421700.0,0,10033761.999999998,-0.0010520480752882477
2025-09-05,S28-TF-T,10035905.999999996,12699.999999997832,0.0,0.0,12699.999999997832,0.0012670596613496554,1684544.0,38336400.0,0,10035905.999999996,0.0
2025-09-08,S28-TF-T,10047052.999999996,11200.000000000331,3.0,50.0,11147.000000000331,0.001110711877931134,1726251.0,39381700.0,0,10047052.999999996,0.0
2025-09-09,S28-TF-T,10055452.999999996,8400.000000000318,0.0,0.0,8400.000000000318,0.0008360660583755576,1725831.0,39373300.0,0,10055452.999999996,0.0
2025-09-10,S28-TF-T,10063602.999999994,8149.999999998981,0.0,0.0,8149.999999998981,0.0008105055038295126,1722629.0,39303050.0,0,10063602.999999994,0.0
2025-09-11,S28-TF-T,10077352.999999996,13750.000000002268,0.0,0.0,13750.000000002268,0.0013663098594014764,1724943.0,39356000.0,0,10077352.999999996,0.0
2025-09-12,S28-TF-T,10070152.999999994,-7200.0000000026885,0.0,0.0,-7200.0000000026885,-0.0007144733344165567,1725096.0,39358600.0,0,10077352.999999996,-0.0007144733344164322
2025-09-15,S28-TF-T,10066152.999999994,-3999.9999999999163,0.0,0.0,-3999.9999999999163,-0.00039721342863409506,1726952.0,39399400.0,0,10077352.999999996,-0.0011114029646477341
2025-09-16,S28-TF-T,10069952.999999994,3800.0000000008076,0.0,0.0,3800.0000000008076,0.0003775027063467851,1729246.0,39450800.0,0,10077352.999999996,-0.0007343198159280862
2025-09-17,S28-TF-T,10073152.999999994,3200.000000000786,0.0,0.0,3200.000000000786,0.00031777705417302223,1730949.0000000002,39489000.00000001,0,10077352.999999996,-0.00041677611174306683
2025-09-18,S28-TF-T,10070302.999999994,-2850.000000000535,0.0,0.0,-2850.000000000535,-0.00028293028012187804,1729953.0,39466550.0,0,10077352.999999996,-0.0006995884732827751
2025-09-19,S28-TF-T,10071152.999999994,849.9999999997963,0.0,0.0,849.9999999997963,8.440659630596982e-05,1726081.0,39380600.0,0,10077352.999999996,-0.0006152409268586068
2025-09-22,S28-TF-T,10074452.999999996,3300.0000000025393,0.0,0.0,3300.0000000025393,0.0003276685400373265,1728607.0,39437100.0,0,10077352.999999996,-0.000287773981917705
2025-09-23,S28-TF-T,10074602.999999994,149.99999999759166,0.0,0.0,149.99999999759166,1.488914584222009e-05,1726219.0,39384050.0,0,10077352.999999996,-0.00027288912078415883
2025-09-24,S28-TF-T,10069352.999999996,-5249.999999998923,0.0,0.0,-5249.999999998923,-0.0005211123455682498,1724308.0,39341000.0,0,10077352.999999996,-0.0007938592604624928
2025-09-25,S28-TF-T,10065602.999999993,-3750.000000002985,0.0,0.0,-3750.000000002985,-0.0003724171751653742,1723150.0,39314850.0,0,10077352.999999996,-0.0011659807888046991
2025-09-26,S28-TF-T,10060052.999999994,-5549.999999997794,0.0,0.0,-5549.999999997794,-0.0005513827636553715,1724566.0,39345700.0,0,10077352.999999996,-0.0017167206507504584
2025-09-29,S28-TF-T,10056852.999999996,-3199.9999999983684,0.0,0.0,-3199.9999999983684,-0.0003180897754711998,1724312.0,39339700.0,0,10077352.999999996,-0.0020342643549352557
2025-09-30,S28-TF-T,10058702.999999994,1849.99999999789,0.0,0.0,1849.99999999789,0.00018395416538333518,1727221.0,39404550.0,0,10077352.999999996,-0.001850684400953484
2025-10-09,S28-TF-T,10055899.999999994,-2749.9999999992033,3.0,50.0,-2802.9999999992033,-0.0002786641577944199,1686950.0,38392000.0,0,10077352.999999996,-0.0021288328393380684
2025-10-10,S28-TF-T,10046596.999999994,-9249.999999999261,3.0,50.0,-9302.999999999261,-0.0009251285315087925,1727746.0,39415050.0,0,10077352.999999996,-0.003051991926848463
2025-10-13,S28-TF-T,10036296.999999994,-10299.999999999298,0.0,0.0,-10299.999999999298,-0.0010252227694610727,1728468.0,39429950.0,0,10077352.999999996,-0.004074085724693921
2025-10-14,S28-TF-T,10039696.999999993,3399.999999998614,0.0,0.0,3399.999999998614,0.00033877036520527597,1730368.0,39472549.99999999,0,10077352.999999996,-0.003736695538997581
2025-10-15,S28-TF-T,10040993.999999994,1350.0000000010455,3.0,50.0,1297.0000000010455,0.00012918716570839203,1686992.0,38391300.0,0,10077352.999999996,-0.00360799110639487
2025-10-16,S28-TF-T,10030393.999999993,-10600.000000001444,0.0,0.0,-10600.000000001444,-0.001055672376659268,1687324.0,38397500.0,0,10077352.999999996,-0.0046598546265079754
2025-10-17,S28-TF-T,10031390.999999994,1050.0000000011769,3.0,50.0,997.0000000011769,9.93978900530904e-05,1730985.0,39485350.0,0,10077352.999999996,-0.004560919916172579
2025-10-20,S28-TF-T,10029440.999999993,-1950.0000000024902,0.0,0.0,-1950.0000000024902,-0.00019438979100729813,1728702.0,39434400.0,0,10077352.999999996,-0.004754423110910566
2025-10-21,S28-TF-T,10032637.999999993,3249.999999999176,3.0,50.0,3196.999999999176,0.00031876153416717624,1686956.0,38389700.0,0,10077352.999999996,-0.004437177103948198
2025-10-22,S28-TF-T,10031437.999999996,-1199.9999999966344,0.0,0.0,-1199.9999999966344,-0.0001196096181280173,1687412.0,38399700.0,0,10077352.999999996,-0.004556255993017233
2025-10-23,S28-TF-T,10033037.999999998,1600.000000001106,0.0,0.0,1600.000000001106,0.0001594985684007723,1686342.0,38376100.0,0,10077352.999999996,-0.004397484140924557
2025-10-24,S28-TF-T,10029398.999999994,-2950.000000003143,39.0,650.0,-3639.000000003143,-0.000362701706103689,1077511.5,24507450.0,0,10077352.999999996,-0.00475859087202779
2025-10-27,S28-TF-T,10031592.999999996,2300.000000001037,6.0,100.0,2194.000000001037,0.00021875687665841572,994180.5,22421250.0,0,10077352.999999996,-0.004540874969845787
2025-10-28,S28-TF-T,10027385.999999996,-3200.0000000000728,57.0,950.0,-4207.000000000073,-0.00041937506834658007,96574.5,2143300.0,0,10077352.999999996,-0.004958345708441447
2025-10-29,S28-TF-T,10030867.999999996,3800.000000000241,18.0,300.0,3482.000000000241,0.0003472490238233815,374990.0,8560400.0,0,10077352.999999996,-0.00461281846532513
2025-10-30,S28-TF-T,10035635.999999994,7099.999999998374,132.0,2200.0,4767.999999998374,0.0004753327428890875,1693905.0,38545400.0,0,10077352.999999996,-0.004139678346089637
2025-10-31,S28-TF-T,10042035.999999996,6400.000000001285,0.0,0.0,6400.000000001285,0.0006377273946565308,1694027.0,38547400.0,0,10077352.999999996,-0.0035045909377194873
2025-11-03,S28-TF-T,10045032.999999994,3049.9999999983634,3.0,50.0,2996.9999999983634,0.0002984454546865162,1748108.5,39628150.0,0,10077352.999999996,-0.003207191412268884
2025-11-04,S28-TF-T,10048632.999999994,3600.0000000008476,0.0,0.0,3600.0000000008476,0.0003583860799661733,1747694.5,39618550.0,0,10077352.999999996,-0.0028499547450606677
2025-11-05,S28-TF-T,10051182.999999993,2549.999999998676,0.0,0.0,2549.999999998676,0.00025376586049054403,1747525.0,39614500.0,0,10077352.999999996,-0.002596912105788496
2025-11-06,S28-TF-T,10047232.999999994,-3949.999999997688,0.0,0.0,-3949.999999997688,-0.00039298856661924185,1746535.5,39592950.0,0,10077352.999999996,-0.00298888011564169
2025-11-07,S28-TF-T,10046529.99999999,-650.0000000028194,3.0,50.0,-703.0000000028194,-6.996951299953129e-05,1691421.0,38488900.0,0,10077352.999999996,-0.003058640498155185
2025-11-10,S28-TF-T,10045729.99999999,-800.0000000004093,0.0,0.0,-800.0000000004093,-7.96294840109381e-05,1691579.0,38492500.0,0,10077352.999999996,-0.0031380264242014677
2025-11-11,S28-TF-T,10045826.999999993,150.0000000017103,3.0,50.0,97.0000000017103,9.655843826353127e-06,1745940.5,39579950.0,0,10077352.999999996,-0.003128400880668125
2025-11-12,S28-TF-T,10042976.99999999,-2850.0000000015298,0.0,0.0,-2850.0000000015298,-0.00028369988852102785,1746392.0,39590300.0,0,10077352.999999996,-0.0034112132422080554
2025-11-13,S28-TF-T,10045926.999999994,2950.000000003285,0.0,0.0,2950.000000003285,0.00029373760390004756,1744856.5,39555850.0,0,10077352.999999996,-0.0031184776399121317
2025-11-14,S28-TF-T,10048776.999999994,2849.999999999398,0.0,0.0,2849.999999999398,0.00028369706449184824,1744405.0,39545500.0,0,10077352.999999996,-0.0028356652783724234
2025-11-17,S28-TF-T,10051226.999999993,2449.9999999990505,0.0,0.0,2449.9999999990505,0.00024381076423519519,1745319.5,39565550.0,0,10077352.999999996,-0.002592545879855912
2025-11-18,S28-TF-T,10051326.999999994,100.00000000104592,0.0,0.0,100.00000000104592,9.949034083206557e-06,1745720.5,39574450.0,0,10077352.999999996,-0.0025826226390999185
2025-11-19,S28-TF-T,10048876.999999993,-2450.0000000021773,0.0,0.0,-2450.0000000021773,-0.00024374890997001477,1744806.0,39554400.0,0,10077352.999999996,-0.002825742037616763
2025-11-20,S28-TF-T,10047226.99999999,-1650.0000000014825,0.0,0.0,-1650.0000000014825,-0.00016419745211345343,1745614.5,39572550.0,0,10077352.999999996,-0.002989475510087436
2025-11-21,S28-TF-T,10057104.999999993,13800.000000001231,222.0,3700.0,9878.000000001231,0.0009831568451674517,1743927.0,39538800.0,0,10077352.999999996,-0.0020092577882310225
2025-11-24,S28-TF-T,10049954.999999994,-7149.999999997479,0.0,0.0,-7149.999999997479,-0.0007109401761239923,1744955.5,39562450.0,0,10077352.999999996,-0.002718769502269236
2025-11-25,S28-TF-T,10043504.999999993,-6450.000000001664,0.0,0.0,-6450.000000001664,-0.000641793918480398,1744336.0,39549400.0,0,10077352.999999996,-0.0033588185310173824
2025-11-26,S28-TF-T,10041454.999999994,-2049.9999999989814,0.0,0.0,-2049.9999999989814,-0.00020411201069735942,1740570.5,39465950.0,0,10077352.999999996,-0.003562244966510697
2025-11-27,S28-TF-T,10035539.999999994,-5650.000000000688,15.0,250.0,-5915.000000000688,-0.0005890580598131138,1505310.5,34125850.0,0,10077352.999999996,-0.004149204657215244
2025-11-28,S28-TF-T,10045389.999999996,9850.000000000988,0.0,0.0,9850.000000000988,0.000981511707392028,1505033.5,34118600.0,0,10077352.999999996,-0.0031717654427705355
2025-12-01,S28-TF-T,10044589.999999998,-799.9999999988468,0.0,0.0,-799.9999999988468,-7.963852075418147e-05,1506703.5,34155800.0,0,10077352.999999996,-0.003251151368816596
2025-12-02,S28-TF-T,10045524.999999994,1199.9999999959246,15.0,250.0,934.9999999959246,9.308493427764844e-05,1740632.5,39466750.0,0,10077352.999999996,-0.003158369067750466
2025-12-03,S28-TF-T,10039524.999999998,-5999.999999996391,0.0,0.0,-5999.999999996391,-0.0005972808787989074,1741817.5,39493750.0,0,10077352.999999996,-0.003753763513096975
2025-12-04,S28-TF-T,10034324.999999994,-5200.000000003649,0.0,0.0,-5200.000000003649,-0.0005179527915915991,1737300.5,39393950.0,0,10077352.999999996,-0.004269772032397978
2025-12-05,S28-TF-T,10037174.999999998,2850.000000003234,0.0,0.0,2850.000000003234,0.00028402508389983736,1739819.0,39449600.0,0,10077352.999999996,-0.003986959670857826
2025-12-08,S28-TF-T,10040724.999999996,3549.9999999987613,0.0,0.0,3549.9999999987613,0.0003536851753604736,1739204.5,39435550.0,0,10077352.999999996,-0.0036346846240277175
2025-12-09,S28-TF-T,10046974.999999996,6249.999999999858,0.0,0.0,6249.999999999858,0.0006224650112417042,1740507.0,39463800.0,0,10077352.999999996,-0.003014482076791447
2025-12-10,S28-TF-T,10041574.999999996,-5400.000000000204,0.0,0.0,-5400.000000000204,-0.0005374752102001056,1741128.0,39478200.0,0,10077352.999999996,-0.0035503370776036602
2025-12-11,S28-TF-T,10041274.999999994,-300.0000000014297,0.0,0.0,-300.0000000014297,-2.987579139740826e-05,1742895.0,39517500.0,0,10077352.999999996,-0.0035801067998711966
2025-12-12,S28-TF-T,10038624.999999998,-2649.9999999958854,0.0,0.0,-2649.9999999958854,-0.00026391070855004834,1741178.5,39479650.0,0,10077352.999999996,-0.003843072679899029
2025-12-15,S28-TF-T,10030824.999999996,-7800.00000000271,0.0,0.0,-7800.00000000271,-0.0007769988419731499,1739600.5,39445450.0,0,10077352.999999996,-0.004617085458850201
2025-12-16,S28-TF-T,10033174.999999998,2350.000000001131,0.0,0.0,2350.000000001131,0.00023427783856274352,1740114.0,39456600.0,0,10077352.999999996,-0.004383889301089128
2025-12-17,S28-TF-T,10037924.999999998,4749.999999999092,0.0,0.0,4749.999999999092,0.0004734293979721368,1741341.5,39483349.99999999,0,10077352.999999996,-0.003912535365189429
2025-12-18,S28-TF-T,10034374.999999998,-3549.9999999997553,0.0,0.0,-3549.9999999997553,-0.00035365874919365863,1741956.0000000002,39497400.00000001,0,10077352.999999996,-0.004264810412019759
2025-12-19,S28-TF-T,10028274.999999998,-6099.999999999567,0.0,0.0,-6099.999999999567,-0.0006079103083151236,1742740.0,39515500.0,0,10077352.999999996,-0.004870128098122373
2025-12-22,S28-TF-T,10024874.999999998,-3400.0000000004584,0.0,0.0,-3400.0000000004584,-0.00033904136055308207,1740986.0,39476900.0,0,10077352.999999996,-0.005207518283819046
2025-12-23,S28-TF-T,10022824.999999998,-2049.9999999994216,0.0,0.0,-2049.9999999994216,-0.000204491327821985,1744645.5,39558450.0,0,10077352.999999996,-0.0054109447193124716
2025-12-24,S28-TF-T,10026524.999999996,3699.9999999987667,0.0,0.0,3699.9999999987667,0.0003691573982383976,1744632.5,39557750.0,0,10077352.999999996,-0.005043784811348817
2025-12-25,S28-TF-T,10030124.999999994,3599.999999998715,0.0,0.0,3599.999999998715,0.00035904762617145185,1744218.5,39548150.0,0,10077352.999999996,-0.004686548144140823
2025-12-26,S28-TF-T,10035174.999999996,5050.000000001943,0.0,0.0,5050.000000001943,0.0005034832566894177,1745164.0,39568600.0,0,10077352.999999996,-0.004185424485973699
2025-12-29,S28-TF-T,10033024.999999996,-2150.000000000029,0.0,0.0,-2150.000000000029,-0.00021424638832905554,1740997.5,39476250.0,0,10077352.999999996,-0.004398774162223007
2025-12-30,S28-TF-T,10026099.999999996,-5600.0000000003065,75.0,1250.0,-6925.0000000003065,-0.0006902205466447367,566104.0,12803350.0,0,10077352.999999996,-0.005085958584560846
2025-12-31,S28-TF-T,10025599.999999996,-499.99999999954616,0.0,0.0,-499.99999999954616,-4.98698397182899e-05,565606.5,12792350.0,0,10077352.999999996,-0.005135574788339703
2026-01-05,S28-TF-T,10030893.999999996,5400.000000000064,6.0,100.0,5294.000000000064,0.0005280481966166679,650071.5,14903850.0,0,10077352.999999996,-0.004610238422728674
2026-01-06,S28-TF-T,10041830.999999994,12049.999999998421,63.0,1050.0,10936.999999998421,0.0010903315297717657,1640569.0,37244900.0,0,10077352.999999996,-0.0035249335812690408
2026-01-07,S28-TF-T,10045524.999999994,3800.0000000008076,6.0,100.0,3694.0000000008076,0.00036786119981513425,1735625.0,39354500.0,0,10077352.999999996,-0.003158369067750466
2026-01-08,S28-TF-T,10045674.999999994,149.99999999929423,0.0,0.0,149.99999999929423,1.493202196991141e-05,1737711.5,39400850.0,0,10077352.999999996,-0.003143484206616698
2026-01-09,S28-TF-T,10051874.999999998,6200.00000000374,0.0,0.0,6200.00000000374,0.0006171810256656465,1737328.5,39391650.0,0,10077352.999999996,-0.002528243279757869
2026-01-12,S28-TF-T,10050824.999999998,-1050.00000000004,0.0,0.0,-1050.00000000004,-0.00010445812348442854,1737573.0,39397200.0,0,10077352.999999996,-0.0026324373076935803
2026-01-13,S28-TF-T,10052474.999999996,1649.9999999986421,0.0,0.0,1649.9999999986421,0.00016416562819456537,1738249.5,39412050.0,0,10077352.999999996,-0.0024687038352233515
2026-01-14,S28-TF-T,10053824.999999996,1350.000000000051,0.0,0.0,1350.000000000051,0.00013429528548939952,1739208.0,39433200.0,0,10077352.999999996,-0.002334740085020326
2026-01-15,S28-TF-T,10052424.999999996,-1400.000000000431,0.0,0.0,-1400.000000000431,-0.00013925048426846812,1741019.0,39473600.0,0,10077352.999999996,-0.002473665455601237
2026-01-16,S28-TF-T,10043674.999999994,-8750.000000002416,0.0,0.0,-8750.000000002416,-0.0008704367354148297,1741571.5,39486850.0,0,10077352.999999996,-0.003341949021732349
2026-01-19,S28-TF-T,10046524.999999996,2850.000000001528,0.0,0.0,2850.000000001528,0.00028376067525099426,1741120.0,39476500.0,0,10077352.999999996,-0.0030591366601924186
2026-01-20,S28-TF-T,10044374.999999996,-2149.9999999997526,0.0,0.0,-2149.9999999997526,-0.00021400434478585913,1742893.5000000002,39516150.00000001,0,10077352.999999996,-0.0032724863364417267
2026-01-21,S28-TF-T,10048174.999999996,3800.0000000008076,0.0,0.0,3800.0000000008076,0.00037832119967651635,1743281.5,39524350.0,0,10077352.999999996,-0.0028954031877219677
2026-01-22,S28-TF-T,10050224.999999994,2049.9999999979927,0.0,0.0,2049.9999999979927,0.00020401714739223724,1742592.0,39508800.0,0,10077352.999999996,-0.002691976752228653
2026-01-23,S28-TF-T,10048524.999999996,-1699.9999999983124,0.0,0.0,-1699.9999999983124,-0.00016915044190536166,1743200.0,39522500.0,0,10077352.999999996,-0.0028606718450767676
2026-01-26,S28-TF-T,10053224.999999996,4699.999999999846,0.0,0.0,4699.999999999846,0.00046773033853225705,1742742.0,39511800.0,0,10077352.999999996,-0.0023942795295550656
2026-01-27,S28-TF-T,10056824.999999994,3599.999999998715,0.0,0.0,3599.999999998715,0.00035809404444829557,1742328.0,39502200.0,0,10077352.999999996,-0.0020370428623470715
2026-01-28,S28-TF-T,10050324.999999994,-6499.999999999203,0.0,0.0,-6499.999999999203,-0.0006463272454277773,1742993.0,39517700.0,0,10077352.999999996,-0.0026820535114728816
2026-01-29,S28-TF-T,10054924.999999996,4600.000000001217,0.0,0.0,4600.000000001217,0.0004576966416510132,1743619.0,39531100.0,0,10077352.999999996,-0.002225584436706729
2026-01-30,S28-TF-T,10060174.999999996,5249.999999999489,0.0,0.0,5249.999999999489,0.0005221321889521295,1743881.5,39536349.99999999,0,10077352.999999996,-0.001704614297028173
2026-02-02,S28-TF-T,10060374.999999996,199.99999999967622,0.0,0.0,199.99999999967622,1.9880369874249334e-05,1743198.5,39521150.0,0,10077352.999999996,-0.0016847678155166301
2026-02-03,S28-TF-T,10053474.999999994,-6900.000000000973,0.0,0.0,-6900.000000000973,-0.000685859125529712,1743744.5,39534050.0,0,10077352.999999996,-0.002369471427665748
2026-02-04,S28-TF-T,10061824.999999996,8350.00000000278,0.0,0.0,8350.00000000278,0.0008305585879512093,1743073.0,39518200.0,0,10077352.999999996,-0.0015408808245578332
2026-02-05,S28-TF-T,10059224.999999993,-2600.0000000036034,0.0,0.0,-2600.0000000036034,-0.000258402426995461,1744527.0,39550800.0,0,10077352.999999996,-0.0017988850842084458
2026-02-06,S28-TF-T,10066124.999999996,6900.000000003387,0.0,0.0,6900.000000003387,0.0006859375349496002,1745466.0,39570900.0,0,10077352.999999996,-0.001114181472059217
2026-02-09,S28-TF-T,10059324.999999993,-6800.000000003054,0.0,0.0,-6800.000000003054,-0.0006755330377879329,1746413.0,39592700.0,0,10077352.999999996,-0.0017889618434526744
2026-02-10,S28-TF-T,10061524.999999994,2200.0000000011246,0.0,0.0,2200.0000000011246,0.00021870254713920927,1746325.0,39590500.0,0,10077352.999999996,-0.0015706505468253695
2026-02-11,S28-TF-T,10061824.999999994,300.0000000000109,0.0,0.0,300.0000000000109,2.9816553653647045e-05,1747528.0,39617200.0,0,10077352.999999996,-0.0015408808245579442
2026-02-12,S28-TF-T,10057045.999999994,-2500.0000000004266,129.0,2150.0,-4779.000000000427,-0.0004749635379268104,1706314.5,38584800.0,0,10077352.999999996,-0.00201511250027675
2026-02-13,S28-TF-T,10046545.999999994,-10500.000000000682,0.0,0.0,-10500.000000000682,-0.0010440441457661314,1704844.5,38553300.0,0,10077352.999999996,-0.003057052779633862
2026-02-24,S28-TF-T,10035505.999999998,-9449.99999999695,90.0,1500.0,-11039.99999999695,-0.001098885129276963,1706520.0,38589750.0,0,10077352.999999996,-0.004152578559071807
2026-02-25,S28-TF-T,10035805.999999998,299.9999999993015,0.0,0.0,299.9999999993015,2.9893858864645348e-05,1704550.5,38545950.0,0,10077352.999999996,-0.004122808836804492
2026-02-26,S28-TF-T,10038355.999999996,2549.9999999985375,0.0,0.0,2549.9999999985375,0.0002540902046132157,1702693.5,38504400.0,0,10077352.999999996,-0.0038697661975322095
2026-02-27,S28-TF-T,10040905.999999998,2550.0000000010923,0.0,0.0,2550.0000000010923,0.0002540256591817518,1703199.0,38515350.0,0,10077352.999999996,-0.0036167235582595936
2026-03-02,S28-TF-T,10041806.0,900.0000000013133,0.0,0.0,900.0000000013133,8.963334583565601e-05,1704850.5,38551950.0,0,10077352.999999996,-0.0035274143914574285
2026-03-03,S28-TF-T,10041355.999999998,-450.0000000017226,0.0,0.0,-450.0000000017226,-4.481265620962231e-05,1704733.5,38549399.99999999,0,10077352.999999996,-0.003572068974858622
2026-03-04,S28-TF-T,10034005.999999998,-7350.000000000564,0.0,0.0,-7350.000000000564,-0.0007319728530689048,1705972.5,38577750.0,0,10077352.999999996,-0.0043014271704086005
2026-03-05,S28-TF-T,10035656.0,1650.0000000010568,0.0,0.0,1650.0000000010568,0.00016444080260676115,1705299.0,38562600.0,0,10077352.999999996,-0.0041376936979379275
2026-03-06,S28-TF-T,10033706.0,-1949.9999999990805,0.0,0.0,-1949.9999999990805,-0.0001943071783248729,1705579.5,38569050.0,0,10077352.999999996,-0.004331196892675693
2026-03-09,S28-TF-T,10029955.999999998,-3750.000000001706,0.0,0.0,-3750.000000001706,-0.00037374027104259447,1702557.0,38502300.0,0,10077352.999999996,-0.004703318421017677
2026-03-10,S28-TF-T,10029803.0,-99.9999999986303,3.0,50.0,-152.9999999986303,-1.5254304206182991e-05,1744830.0,39559500.0,0,10077352.999999996,-0.004718500979373874
2026-03-11,S28-TF-T,10031153.0,1350.0000000007612,0.0,0.0,1350.0000000007612,0.000134598855032423,1744303.5,39547650.0,0,10077352.999999996,-0.004584537229170849
2026-03-12,S28-TF-T,10033200.0,2099.9999999993706,3.0,50.0,2046.9999999993706,0.00020406427855296103,1702314.0,38496600.0,0,10077352.999999996,-0.004381408490899963
2026-03-13,S28-TF-T,10022399.999999998,-10800.000000001688,0.0,0.0,-10800.000000001688,-0.0010764262648010293,1701868.5,38487900.0,0,10077352.999999996,-0.005453118492524611
2026-03-16,S28-TF-T,10006081.0,-12449.999999998056,219.0,3650.0,-16318.999999998056,-0.0016282527139206237,1742287.0,39503800.0,0,10077352.999999996,-0.007072492151460441
2026-03-17,S28-TF-T,10003970.0,-150.00000000000546,111.0,1850.0,-2111.0000000000055,-0.0002109717081043023,0.0,0.0,0,10077352.999999996,-0.007281971763814954
2026-03-18,S28-TF-T,10002564.0,-1299.9999999999545,6.0,100.0,-1405.9999999999545,-0.0001405442039510269,84792.0,2119800.0,0,10077352.999999996,-0.007421492528841278
2026-03-19,S28-TF-T,10004293.0,2099.9999999995107,21.0,350.0,1728.9999999995107,0.0001728556798036494,428800.0,9636500.0,0,10077352.999999996,-0.007249919696173834
2026-03-20,S28-TF-T,10003809.0,1000.000000000513,84.0,1400.0,-483.99999999948704,-4.837923079616791e-05,1744380.0,39550500.0,0,10077352.999999996,-0.0072979481814318126
2026-03-23,S28-TF-T,10001455.999999998,-2300.0000000017444,3.0,50.0,-2353.0000000017444,-0.00023521040835563177,1700736.0,38463150.0,0,10077352.999999996,-0.0075314420364155366
2026-03-24,S28-TF-T,10006855.999999998,5400.000000000206,0.0,0.0,5400.000000000206,0.0005399213874460085,1700722.5,38462250.0,0,10077352.999999996,-0.006995587035603323
2026-03-25,S28-TF-T,10007652.999999998,849.9999999992269,3.0,50.0,796.9999999992269,7.964539511703047e-05,1743120.0,39522000.0,0,10077352.999999996,-0.006916498806779692
2026-03-26,S28-TF-T,10006000.0,-1599.9999999979773,3.0,50.0,-1652.9999999979773,-0.00016517359264934321,1702023.0,38491200.0,0,10077352.999999996,-0.0070805299764725715
2026-03-27,S28-TF-T,10000149.999999998,-5850.000000001927,0.0,0.0,-5850.000000001927,-0.0005846492104739084,1701919.5,38489550.0,0,10077352.999999996,-0.007661039560686089
2026-03-30,S28-TF-T,10000750.000000002,600.0000000037198,0.0,0.0,600.0000000037198,5.9999100013871784e-05,1703650.5,38527950.0,0,10077352.999999996,-0.0076015001161510165
2026-03-31,S28-TF-T,10001134.000000002,4199.999999999592,216.0,3600.0,383.99999999959164,3.839712021594296e-05,1703964.0,38534850.0,0,10077352.999999996,-0.00756339487164881
2026-04-01,S28-TF-T,10001731.0,649.9999999988395,3.0,50.0,596.9999999988395,5.9693230787512635e-05,1744192.5,39546750.0,0,10077352.999999996,-0.007504153124336943
2026-04-02,S28-TF-T,10003931.000000002,2200.0000000011255,0.0,0.0,2200.0000000011255,0.00021996192459096585,1744280.5,39548950.0,0,10077352.999999996,-0.007285841827709527
2026-04-03,S28-TF-T,10000231.000000002,-3699.9999999997617,0.0,0.0,-3699.9999999997617,-0.0003698546101527251,1744267.5,39548250.0,0,10077352.999999996,-0.007653001735673515
2026-04-07,S28-TF-T,9991981.0,-8250.000000001022,0.0,0.0,-8250.000000001022,-0.0008249809429403201,1744680.0,39556500.0,0,10077352.999999996,-0.008471669098025658
2026-04-08,S28-TF-T,9985331.0,-6649.999999999211,0.0,0.0,-6649.999999999211,-0.0006655336914671086,1744616.5,39554350.0,0,10077352.999999996,-0.009131564608285125
2026-04-09,S28-TF-T,9990181.0,4849.999999999853,0.0,0.0,4849.999999999853,0.0004857124916539925,1744473.0,39551700.0,0,10077352.999999996,-0.008650287431629766
2026-04-10,S28-TF-T,9984681.000000002,-5499.999999998123,0.0,0.0,-5499.999999998123,-0.0005505405757911816,1744253.0,39546200.0,0,10077352.999999996,-0.009196065673197529
2026-04-13,S28-TF-T,9986671.000000002,3049.999999999073,60.0,1000.0,1989.9999999990732,0.00019930531581320154,803207.5,18184150.0,0,10077352.999999996,-0.008998593182157455
2026-04-14,S28-TF-T,10009011.999999998,25149.999999996027,159.0,2650.0,22340.999999996027,0.002237081806339272,1704649.5,38547300.0,0,10077352.999999996,-0.006781641964908713
2026-04-15,S28-TF-T,10008142.999999996,2999.999999997697,219.0,3650.0,-869.0000000023028,-8.682175623351266e-05,1748351.0,39637400.0,0,10077352.999999996,-0.006867874927076634
2026-04-16,S28-TF-T,10009689.999999996,1599.999999999682,3.0,50.0,1546.999999999682,0.00015457413028567663,1706014.5,38578800.0,0,10077352.999999996,-0.006714362392584605
2026-04-17,S28-TF-T,10001286.999999998,-8349.999999998232,3.0,50.0,-8402.999999998232,-0.0008394865375449424,1749772.5,39668250.0,0,10077352.999999996,-0.007548212313292835
2026-04-20,S28-TF-T,9997233.999999996,-4000.0000000019036,3.0,50.0,-4053.0000000019036,-0.0004052478446025901,1695407.0,38580500.0,0,10077352.999999996,-0.007950401261124784
2026-04-21,S28-TF-T,9994533.999999998,-2699.9999999983975,0.0,0.0,-2699.9999999983975,-0.0002700747026625963,1695740.0,38587600.0,0,10077352.999999996,-0.008218328761530724
2026-04-22,S28-TF-T,9995833.999999998,1299.999999999387,0.0,0.0,1299.999999999387,0.0001300710968614832,1696863.0,38612700.0,0,10077352.999999996,-0.008089326631705585
2026-04-23,S28-TF-T,10000933.999999998,5100.000000000193,0.0,0.0,5100.000000000193,0.000510212554550245,1696311.0,38601000.0,0,10077352.999999996,-0.007583241353160686
2026-04-24,S28-TF-T,10006233.999999998,5299.999999999158,0.0,0.0,5299.999999999158,0.0005299505026229709,1696145.0,38597900.0,0,10077352.999999996,-0.007057309593104244
2026-04-27,S28-TF-T,10007734.0,1500.0000000014807,0.0,0.0,1500.0000000014807,0.0001499065482579641,1693496.0,38539200.0,0,10077352.999999996,-0.006908460981767339
2026-04-28,S28-TF-T,10012333.999999996,4599.999999996384,0.0,0.0,4599.999999996384,0.00045964451093488136,1694751.0,38567600.0,0,10077352.999999996,-0.006451991907001742
2026-04-29,S28-TF-T,10014630.999999996,2350.0000000007076,3.0,50.0,2297.0000000007076,0.00022941703702660223,1749824.5,39671050.0,0,10077352.999999996,-0.006224055066841427
2026-04-30,S28-TF-T,10015230.999999996,600.000000000733,0.0,0.0,600.000000000733,5.991234225212424e-05,1748903.5,39650650.0,0,10077352.999999996,-0.006164515622306799
2026-05-06,S28-TF-T,10009480.999999996,-5749.999999999885,0.0,0.0,-5749.999999999885,-0.0005741255493757346,1748201.0,39634400.0,0,10077352.999999996,-0.006735101965764212
2026-05-07,S28-TF-T,10013130.999999996,3650.0000000008013,0.0,0.0,3650.0000000008013,0.0003646542712854745,1748414.5,39639550.0,0,10077352.999999996,-0.006372903678178221
2026-05-08,S28-TF-T,10014780.999999994,1649.9999999983577,0.0,0.0,1649.9999999983577,0.000164783622624967,1749223.0,39657700.0,0,10077352.999999996,-0.006209170205707992
2026-05-11,S28-TF-T,10010930.999999996,-3849.999999998772,0.0,0.0,-3849.999999998772,-0.0003844317713985732,1749811.5,39670350.0,0,10077352.999999996,-0.006591214974805415
2026-05-12,S28-TF-T,10006577.999999996,-4300.00000000092,3.0,50.0,-4353.00000000092,-0.00043482469312803397,1696189.0,38599000.0,0,10077352.999999996,-0.007023173644904568
2026-05-13,S28-TF-T,10011177.999999998,4600.000000001501,0.0,0.0,4600.000000001501,0.0004596976109116925,1697444.0,38627400.0,0,10077352.999999996,-0.006566704570138415
2026-05-14,S28-TF-T,10014877.999999998,3699.999999999477,0.0,0.0,3699.999999999477,0.0003695868757901895,1696962.0,38617100.0,0,10077352.999999996,-0.006199544662174539
2026-05-15,S28-TF-T,10018777.999999998,3900.000000000149,0.0,0.0,3900.000000000149,0.00038942062000157663,1698252.0,38646200.0,0,10077352.999999996,-0.005812538272699008
2026-05-18,S28-TF-T,10021024.999999998,2299.9999999994725,3.0,50.0,2246.9999999994725,0.00022427884917696278,1753935.5,39762950.0,0,10077352.999999996,-0.00558956305291658
2026-05-19,S28-TF-T,10014122.0,-6849.999999998599,3.0,50.0,-6902.999999998599,-0.0006888516893230584,1701164.0,38710600.0,0,10077352.999999996,-0.006274564362288015
2026-05-20,S28-TF-T,10019421.999999998,5299.999999997455,0.0,0.0,5299.999999997455,0.0005292525894928637,1701691.0,38722900.0,0,10077352.999999996,-0.005748632602231796
2026-05-21,S28-TF-T,10022422.0,3000.000000001535,0.0,0.0,3000.000000001535,0.00029941846944879014,1699858.0,38682500.0,0,10077352.999999996,-0.005450935379558097
2026-05-22,S28-TF-T,10019221.999999998,-3200.0000000024893,0.0,0.0,-3200.0000000024893,-0.0003192841011885639,1699226.0,38668100.0,0,10077352.999999996,-0.005768479083743339
2026-05-25,S28-TF-T,10022606.0,7200.000000001979,216.0,3600.0,3384.000000001979,0.0003377507754596095,1696440.0,38601600.0,0,10077352.999999996,-0.005432676616567544
2026-05-26,S28-TF-T,10025006.0,2400.000000000091,0.0,0.0,2400.000000000091,0.0002394586797086597,1696914.0,38612400.0,0,10077352.999999996,-0.005194518838428697
2026-05-27,S28-TF-T,10018405.999999998,-6600.000000001671,0.0,0.0,-6600.000000001671,-0.0006583537206862191,1698036.0,38636600.0,0,10077352.999999996,-0.0058494527283105
2026-05-28,S28-TF-T,10022705.999999998,4299.999999999784,0.0,0.0,4299.999999999784,0.0004292099960811915,1699405.0,38667500.0,0,10077352.999999996,-0.005422753375811884
2026-05-29,S28-TF-T,10023406.0,700.0000000010659,0.0,0.0,700.0000000010659,6.984141807622274e-05,1700756.0,38697600.0,0,10077352.999999996,-0.005353290690521262
2026-06-01,S28-TF-T,10016006.000000002,-7399.99999999725,0.0,0.0,-7399.99999999725,-0.0007382720005552255,1701027.0,38702800.0,0,10077352.999999996,-0.006087610506448904
2026-06-02,S28-TF-T,10016305.999999998,299.9999999968859,0.0,0.0,299.9999999968859,2.995205873447818e-05,1701606.0,38715700.0,0,10077352.999999996,-0.006057840784181923
2026-06-03,S28-TF-T,10018106.000000002,1800.0000000031941,0.0,0.0,1800.0000000031941,0.00017970696981533857,1700922.0,38700700.0,0,10077352.999999996,-0.0058792224505774815
2026-06-04,S28-TF-T,10016706.0,-1400.000000002421,0.0,0.0,-1400.000000002421,-0.00013974697412888433,1701685.0,38717500.0,0,10077352.999999996,-0.006018147821158615
2026-06-05,S28-TF-T,10019306.000000002,2600.0000000024665,0.0,0.0,2600.0000000024665,0.0002595663684251556,1701159.0,38706100.0,0,10077352.999999996,-0.005760143561508113
2026-06-08,S28-TF-T,10017805.999999998,-1500.0000000034652,0.0,0.0,-1500.0000000034652,-0.00014971096800551505,1699650.0,38672400.0,0,10077352.999999996,-0.00590899217284524
2026-06-09,S28-TF-T,10019406.0,1600.0000000011032,0.0,0.0,1600.0000000011032,0.00015971561038426014,1698580.0,38648800.0,0,10077352.999999996,-0.005750220320752564
2026-06-10,S28-TF-T,10015506.0,-3900.000000000433,0.0,0.0,-3900.000000000433,-0.00038924463186744136,1696597.0,38604300.0,0,10077352.999999996,-0.006137226710227983
2026-06-11,S28-TF-T,10011106.0,-4400.0000000008295,0.0,0.0,-4400.0000000008295,-0.00043931879228077236,1695035.0,38569100.0,0,10077352.999999996,-0.006573849303482371
2026-06-12,S28-TF-T,10006858.000000002,-3399.999999998613,48.0,800.0,-4247.999999998613,-0.00042432874050066124,944260.0,21431000.0,0,10077352.999999996,-0.006995388570787853
2026-06-15,S28-TF-T,10004619.000000002,-1550.000000000011,39.0,650.0,-2239.000000000011,-0.00022374655461284755,1556177.5,35367950.0,0,10077352.999999996,-0.007217569931309731
2026-06-16,S28-TF-T,10010119.000000002,5499.9999999992615,0.0,0.0,5499.9999999992615,0.0005497460722891357,1558152.5,35412450.0,0,10077352.999999996,-0.006671791689741746
2026-06-17,S28-TF-T,10017509.000000002,11099.999999999996,210.0,3500.0,7389.999999999996,0.0007382529618279258,1752700.5,39729450.0,0,10077352.999999996,-0.005938464197889459
2026-06-18,S28-TF-T,10012109.000000002,-5400.000000000204,0.0,0.0,-5400.000000000204,-0.0005390561665579938,1753321.5,39743850.0,0,10077352.999999996,-0.006474319198701672
2026-06-22,S28-TF-T,10011459.000000002,-650.0000000004038,0.0,0.0,-650.0000000004038,-6.492138669289394e-05,1753685.0,39752000.0,0,10077352.999999996,-0.006538820263614298
2026-06-23,S28-TF-T,10010709.000000004,-749.9999999986067,0.0,0.0,-749.9999999986067,-7.491415586865076e-05,1752162.5,39718250.0,0,10077352.999999996,-0.006613244569282473
2026-06-24,S28-TF-T,10005409.000000004,-5299.99999999916,0.0,0.0,-5299.99999999916,-0.0005294330301679089,1753184.5,39741550.0,0,10077352.999999996,-0.007139176329338914
2026-06-25,S28-TF-T,10009709.000000004,4300.000000000495,0.0,0.0,4300.000000000495,0.00042976753873834577,1754092.5,39761250.0,0,10077352.999999996,-0.006712476976840298
2026-06-26,S28-TF-T,10009259.000000004,-449.99999999930697,0.0,0.0,-449.99999999930697,-4.495635187789243e-05,1755258.0,39787200.0,0,10077352.999999996,-0.00675713156024127
2026-06-29,S28-TF-T,10007159.0,-2100.000000002923,0.0,0.0,-2100.000000002923,-0.0002098057408648255,1757232.0,39831300.0,0,10077352.999999996,-0.006965519616113136
2026-06-30,S28-TF-T,10006809.000000004,-349.9999999968386,0.0,0.0,-349.9999999968386,-3.497496142479985e-05,1755828.5,39800150.0,0,10077352.999999996,-0.007000250958758003
2026-07-01,S28-TF-T,10009009.000000004,2199.9999999994216,0.0,0.0,2199.9999999994216,0.0002198503039279975,1752770.5,39731950.0,0,10077352.999999996,-0.006781939662130809
2026-07-02,S28-TF-T,10008494.000000002,-250.0000000016189,15.0,250.0,-515.0000000016189,-5.145364541101109e-05,1517242.0,34385950.0,0,10077352.999999996,-0.006833044352023254
2026-07-03,S28-TF-T,10006737.000000002,-750.0000000003122,57.0,950.0,-1757.0000000003122,-0.00017555088707654838,612900.5,13959450.0,0,10077352.999999996,-0.007007395692102292
2026-07-06,S28-TF-T,10004289.000000002,-1600.00000000025,48.0,800.0,-2448.00000000025,-0.00024463518927301175,139718.5,3220050.0,0,10077352.999999996,-0.007250316625803888
2026-07-07,S28-TF-T,10006799.0,4099.99999999897,90.0,1500.0,2509.9999999989705,0.00025089239225285976,1560907.5,35475150.0,0,10077352.999999996,-0.007001243282833913
2026-07-08,S28-TF-T,10005098.999999998,-1700.0000000010114,0.0,0.0,-1700.0000000010114,-0.0001698844955315892,1561892.5,35496850.0,0,10077352.999999996,-0.007169938375682361
2026-07-09,S28-TF-T,10001137.0,-3749.9999999981537,12.0,200.0,-3961.9999999981537,-0.00039599808057852844,1755985.0,39803500.0,0,10077352.999999996,-0.00756309717442627
2026-07-10,S28-TF-T,10000370.999999998,399.99999999864144,66.0,1100.0,-766.0000000013586,-7.659129157028431e-05,710862.0,16133249.999999996,0,10077352.999999996,-0.007639109198615768
2026-07-13,S28-TF-T,10002549.999999998,2550.0000000002387,21.0,350.0,2179.0000000002387,0.00021789191620993253,1044820.5,23663850.0,0,10077352.999999996,-0.0074228817825472415
2026-07-14,S28-TF-T,10004619.999999998,2600.0000000003347,30.0,500.0,2070.0000000003347,0.00020694722845677704,1518793.0,34421150.0,0,10077352.999999996,-0.0072174706989025506
2026-07-15,S28-TF-T,10005233.999999998,1249.9999999995734,36.0,600.0,613.9999999995734,6.137164629936704e-05,947744.0,21509800.0,0,10077352.999999996,-0.0071565420006620695
2026-07-16,S28-TF-T,10003633.999999998,-1600.00000000025,0.0,0.0,-1600.00000000025,-0.00015991629980870517,947284.0,21499400.0,0,10077352.999999996,-0.007315313852754635
2026-07-17,S28-TF-T,10003093.0,1950.0000000010687,141.0,2350.0,-540.9999999989313,-5.408034720172004e-05,1281788.5,29041850.0,0,10077352.999999996,-0.007368998585243203
2026-07-20,S28-TF-T,10003143.0,50.00000000052319,0.0,0.0,50.00000000052319,4.99845397823685e-06,1281143.0,29027500.0,0,10077352.999999996,-0.007364036964865317
2026-07-21,S28-TF-T,9998766.0,-3899.9999999998636,27.0,450.0,-4376.999999999864,-0.00043756247411437223,1700897.0,38701300.0,0,10077352.999999996,-0.0077983772127458995
2026-07-22,S28-TF-T,10001163.0,2449.9999999993342,3.0,50.0,2396.9999999993342,0.00023972958263043,1757082.0,39828300.0,0,10077352.999999996,-0.007560517131829814
2026-07-23,S28-TF-T,10004913.000000002,3750.0000000015643,0.0,0.0,3750.0000000015643,0.0003749563925717003,1755784.5,39799050.0,0,10077352.999999996,-0.007188395603487829
2026-07-24,S28-TF-T,10011710.000000002,6850.000000000165,3.0,50.0,6797.000000000165,0.0006793662273725082,1713546.0,38741400.0,0,10077352.999999996,-0.006513912929317245
2026-07-27,S28-TF-T,10012760.0,1049.9999999986185,0.0,0.0,1049.9999999986185,0.00010487718881176325,1713031.5,38729850.0,0,10077352.999999996,-0.006409718901381756
2026-07-28,S28-TF-T,10013659.999999998,899.9999999987549,0.0,0.0,899.9999999987549,8.98853063489742e-05,1712320.5,38713950.0,0,10077352.999999996,-0.006320409734579924
2026-07-29,S28-TF-T,10011859.999999998,-1800.0000000000675,0.0,0.0,-1800.0000000000675,-0.00017975445541391138,1712797.5,38724750.0,0,10077352.999999996,-0.006499028068184032
2026-07-30,S28-TF-T,10010510.000000002,-1349.9999999970678,0.0,0.0,-1349.9999999970678,-0.00013484007966522386,1713864.0,38748600.0,0,10077352.999999996,-0.006632991818386724
2026-07-31,S28-TF-T,10012610.0,2099.999999998091,0.0,0.0,2099.999999998091,0.00020977952172247872,1715197.5,38778000.0,0,10077352.999999996,-0.006424603762515413
2026-08-03,S28-TF-T,10017260.000000002,4650.000000002166,0.0,0.0,4650.000000002166,0.00046441437347526435,1714201.5,38755350.0,0,10077352.999999996,-0.0059631730673713745
2026-08-04,S28-TF-T,10017110.0,-150.00000000199543,0.0,0.0,-150.00000000199543,-1.4974154609343814e-05,1715422.5,38782500.0,0,10077352.999999996,-0.005978057928505254
2026-08-05,S28-TF-T,10019360.0,2249.9999999996544,0.0,0.0,2249.9999999996544,0.00022461568256709315,1715062.5,38774250.0,0,10077352.999999996,-0.005754785011500174
2026-08-06,S28-TF-T,10017110.0,-2250.0000000000846,0.0,0.0,-2250.0000000000846,-0.00022456524169209256,1714950.0,38772000.0,0,10077352.999999996,-0.005978057928505254
2026-08-07,S28-TF-T,10016660.0,-450.0000000000182,0.0,0.0,-450.0000000000182,-4.492313651342734e-05,1715778.0,38790450.0,0,10077352.999999996,-0.006022712511906336
2026-08-10,S28-TF-T,10019060.0,2399.999999999097,0.0,0.0,2399.999999999097,0.00023960082502541734,1716087.0,38797050.0,0,10077352.999999996,-0.0057845547337674885
2026-08-11,S28-TF-T,10021760.0,2700.0000000001023,0.0,0.0,2700.0000000001023,0.0002694863589997567,1715371.5,38780850.0,0,10077352.999999996,-0.0055166272333614375
2026-08-12,S28-TF-T,10018910.000000002,-2849.999999997408,0.0,0.0,-2849.999999997408,-0.00028438118653783444,1715418.0,38782200.0,0,10077352.999999996,-0.005799439594901035
2026-08-13,S28-TF-T,10018760.0,-150.00000000242107,0.0,0.0,-150.00000000242107,-1.4971688537218226e-05,1716166.5,38798850.0,0,10077352.999999996,-0.005814324456034914
2026-08-14,S28-TF-T,10018010.000000002,-749.9999999976117,0.0,0.0,-749.9999999976117,-7.485956345871263e-05,1717074.0,38819100.0,0,10077352.999999996,-0.005888748761703089
2026-08-17,S28-TF-T,10016810.0,-1200.0000000010405,0.0,0.0,-1200.0000000010405,-0.00011978426853247703,1716919.5,38815800.0,0,10077352.999999996,-0.006007827650772568
2026-08-18,S28-TF-T,10017260.000000002,450.00000000129785,0.0,0.0,450.00000000129785,4.4924481945978594e-05,1717981.5,38839350.0,0,10077352.999999996,-0.0059631730673713745
2026-08-19,S28-TF-T,10018760.0,1499.9999999973566,0.0,0.0,1499.9999999973566,0.00014974154609118226,1717584.0,38830350.0,0,10077352.999999996,-0.005814324456034914
2026-08-20,S28-TF-T,10014260.000000004,-4499.999999996762,0.0,0.0,-4499.999999996762,-0.00044915738075338287,1716414.0,38804850.0,0,10077352.999999996,-0.006260870290044629
2026-08-21,S28-TF-T,10012544.000000002,2099.9999999989423,216.0,3600.0,-1716.0000000010577,-0.00017135564684770088,1716250.5,38800950.0,0,10077352.999999996,-0.006431153101414067
2026-08-24,S28-TF-T,10014944.000000002,2400.000000000802,0.0,0.0,2400.000000000802,0.0002396993211716025,1717504.5,38828550.0,0,10077352.999999996,-0.00619299532327533
2026-08-25,S28-TF-T,10017644.000000002,2700.0000000001,0.0,0.0,2700.0000000001,0.00026959711407273964,1716789.0,38812350.0,0,10077352.999999996,-0.005925067822869168
2026-08-26,S28-TF-T,10020643.999999998,2999.9999999964184,0.0,0.0,2999.9999999964184,0.00029947161228692276,1715521.5,38783850.0,0,10077352.999999996,-0.0056273706001961354
2026-08-27,S28-TF-T,10019594.0,-1049.999999998192,0.0,0.0,-1049.999999998192,-0.00010478368456141064,1713673.5,38742900.0,0,10077352.999999996,-0.005731564628131625
2026-08-28,S28-TF-T,10019594.0,0.0,0.0,0.0,0.0,0.0,1713673.5,38742900.0,0,10077352.999999996,-0.005731564628131625
2026-08-31,S28-TF-T,10022894.0,3299.9999999999836,0.0,0.0,3299.9999999999836,0.0003293546624743461,1713744.0,38744100.0,0,10077352.999999996,-0.005404097683190834
2026-09-01,S28-TF-T,10019744.000000002,-3149.999999998413,0.0,0.0,-3149.999999998413,-0.00031428048625461,1714815.0,38768250.0,0,10077352.999999996,-0.005716679766997745
2026-09-02,S28-TF-T,10021544.000000002,1800.0000000000673,0.0,0.0,1800.0000000000673,0.00017964530830329268,1714338.0,38757450.0,0,10077352.999999996,-0.005538061433393748
2026-09-03,S28-TF-T,10028293.999999998,6749.999999996846,0.0,0.0,6749.999999996846,0.0006735489062360895,1715620.5,38785200.0,0,10077352.999999996,-0.004868242682378843
2026-09-04,S28-TF-T,10030896.0,3450.0000000016935,48.0,800.0,2602.0000000016935,0.0002594658672753007,948608.0,21526600.0,0,10077352.999999996,-0.004610039957913203
2026-09-07,S28-TF-T,10025598.0,-4450.000000000926,48.0,800.0,-5298.000000000926,-0.0005281681716170645,1715106.0,38773650.0,0,10077352.999999996,-0.0051357732531545075
2026-09-08,S28-TF-T,10027998.000000002,2400.0000000025066,0.0,0.0,2400.0000000025066,0.00023938721660318982,1714470.0,38759250.0,0,10077352.999999996,-0.004897615475015549
2026-09-09,S28-TF-T,10026948.000000002,-1050.0000000007494,0.0,0.0,-1050.0000000007494,-0.00010470684178444683,1714984.5,38770800.0,0,10077352.999999996,-0.00500180950295126
2026-09-10,S28-TF-T,10024998.000000002,-1950.0000000003583,0.0,0.0,-1950.0000000003583,-0.00019447592627391285,1714792.5000000002,38766750.00000001,0,10077352.999999996,-0.005195312697689025
2026-09-11,S28-TF-T,10025598.0,599.999999998603,0.0,0.0,599.999999998603,5.985038600492518e-05,1713688.5,38742150.0,0,10077352.999999996,-0.0051357732531545075
2026-09-14,S28-TF-T,10023798.0,-1800.0000000000673,0.0,0.0,-1800.0000000000673,-0.00017954041245221155,1714165.5,38752950.0,0,10077352.999999996,-0.0053143915867586156
2026-09-15,S28-TF-T,10022448.0,-1350.0000000000528,0.0,0.0,-1350.0000000000528,-0.00013467948975029752,1715232.0,38776800.0,0,10077352.999999996,-0.005448355336961641
2026-09-16,S28-TF-T,10023348.000000002,900.0000000013131,0.0,0.0,900.0000000013131,8.979842050577993e-05,1715466.0,38781900.0,0,10077352.999999996,-0.005359046170159365
2026-09-17,S28-TF-T,10022298.0,-1050.000000002029,0.0,0.0,-1050.000000002029,-0.00010475541705246878,1715508.0,38782950.0,0,10077352.999999996,-0.005463240198095298
2026-09-18,S28-TF-T,10022898.000000002,600.0000000020136,0.0,0.0,600.0000000020136,5.986650965696825e-05,1716294.0,38800350.0,0,10077352.999999996,-0.0054037007535604475
2026-09-21,S28-TF-T,10026798.000000004,3900.00000000157,0.0,0.0,3900.00000000157,0.00038910901817035043,1716205.5,38797950.0,0,10077352.999999996,-0.005016694364084806
2026-09-22,S28-TF-T,10025898.000000004,-900.000000000462,0.0,0.0,-900.000000000462,-8.975946259219161e-05,1717389.0,38824350.0,0,10077352.999999996,-0.005106003530886749
2026-09-23,S28-TF-T,10028395.000000004,2549.9999999998126,3.0,50.0,2496.9999999998126,0.00024905499736779807,1771374.0,39901950.0,0,10077352.999999996,-0.004858220209214892
2026-09-24,S28-TF-T,10025045.000000004,-3350.0000000006476,0.0,0.0,-3350.0000000006476,-0.00033405146087690465,1771868.0,39913300.0,0,10077352.999999996,-0.005190648774533568
